date,state,candidate,prob
2020-04-18,Alabama,biden,9e-5
2020-04-18,Alabama,trump,0.99991
2020-04-18,Alaska,biden,0.04964
2020-04-18,Alaska,trump,0.95036
2020-04-18,Arizona,biden,0.67647
2020-04-18,Arizona,trump,0.32353
2020-04-18,Arkansas,biden,0.00256
2020-04-18,Arkansas,trump,0.99744
2020-04-18,California,biden,1
2020-04-18,California,trump,0
2020-04-18,Colorado,biden,0.88252
2020-04-18,Colorado,trump,0.11748
2020-04-18,Connecticut,biden,0.98175
2020-04-18,Connecticut,trump,0.01825
2020-04-18,Delaware,biden,0.99592
2020-04-18,Delaware,trump,0.00408
2020-04-18,District of Columbia,biden,1
2020-04-18,District of Columbia,trump,0
2020-04-18,Florida,biden,0.6371
2020-04-18,Florida,trump,0.3629
2020-04-18,Georgia,biden,0.41821
2020-04-18,Georgia,trump,0.58179
2020-04-18,Hawaii,biden,1
2020-04-18,Hawaii,trump,0
2020-04-18,Idaho,biden,1e-4
2020-04-18,Idaho,trump,0.9999
2020-04-18,Illinois,biden,0.99437
2020-04-18,Illinois,trump,0.00563
2020-04-18,Indiana,biden,0.03287
2020-04-18,Indiana,trump,0.96713
2020-04-18,Iowa,biden,0.10574
2020-04-18,Iowa,trump,0.89426
2020-04-18,Kansas,biden,0.01874
2020-04-18,Kansas,trump,0.98126
2020-04-18,Kentucky,biden,7e-5
2020-04-18,Kentucky,trump,0.99993
2020-04-18,Louisiana,biden,0.03174
2020-04-18,Louisiana,trump,0.96826
2020-04-18,Maine,biden,0.85238
2020-04-18,Maine,trump,0.14762
2020-04-18,Maine's 1st congressional district,biden,0.98816
2020-04-18,Maine's 1st congressional district,trump,0.01184
2020-04-18,Maine's 2nd congressional district,biden,0.21032
2020-04-18,Maine's 2nd congressional district,trump,0.78968
2020-04-18,Maryland,biden,1
2020-04-18,Maryland,trump,0
2020-04-18,Massachusetts,biden,0.99964
2020-04-18,Massachusetts,trump,3.6e-4
2020-04-18,Michigan,biden,0.76391
2020-04-18,Michigan,trump,0.23609
2020-04-18,Minnesota,biden,0.87474
2020-04-18,Minnesota,trump,0.12526
2020-04-18,Mississippi,biden,0.00686
2020-04-18,Mississippi,trump,0.99314
2020-04-18,Missouri,biden,0.01314
2020-04-18,Missouri,trump,0.98686
2020-04-18,Montana,biden,6.5e-4
2020-04-18,Montana,trump,0.99935
2020-04-18,National,biden,0.74771
2020-04-18,National,trump,0.25229
2020-04-18,Nebraska,biden,0.004
2020-04-18,Nebraska,trump,0.996
2020-04-18,Nebraska's 1st congressional district,biden,0.017
2020-04-18,Nebraska's 1st congressional district,trump,0.983
2020-04-18,Nebraska's 2nd congressional district,biden,0.57718
2020-04-18,Nebraska's 2nd congressional district,trump,0.42282
2020-04-18,Nebraska's 3rd congressional district,biden,0
2020-04-18,Nebraska's 3rd congressional district,trump,1
2020-04-18,Nevada,biden,0.84853
2020-04-18,Nevada,trump,0.15147
2020-04-18,New Hampshire,biden,0.67895
2020-04-18,New Hampshire,trump,0.32105
2020-04-18,New Jersey,biden,0.99893
2020-04-18,New Jersey,trump,0.00107
2020-04-18,New Mexico,biden,0.98145
2020-04-18,New Mexico,trump,0.01855
2020-04-18,New York,biden,1
2020-04-18,New York,trump,0
2020-04-18,North Carolina,biden,0.3614
2020-04-18,North Carolina,trump,0.6386
2020-04-18,North Dakota,biden,0
2020-04-18,North Dakota,trump,1
2020-04-18,Ohio,biden,0.33734
2020-04-18,Ohio,trump,0.66266
2020-04-18,Oklahoma,biden,0
2020-04-18,Oklahoma,trump,1
2020-04-18,Oregon,biden,0.97023
2020-04-18,Oregon,trump,0.02977
2020-04-18,Pennsylvania,biden,0.61674
2020-04-18,Pennsylvania,trump,0.38326
2020-04-18,Rhode Island,biden,0.99115
2020-04-18,Rhode Island,trump,0.00885
2020-04-18,South Carolina,biden,0.06689
2020-04-18,South Carolina,trump,0.93311
2020-04-18,South Dakota,biden,6.7e-4
2020-04-18,South Dakota,trump,0.99933
2020-04-18,Tennessee,biden,4.1e-4
2020-04-18,Tennessee,trump,0.99959
2020-04-18,Texas,biden,0.2208
2020-04-18,Texas,trump,0.7792
2020-04-18,Utah,biden,0.00497
2020-04-18,Utah,trump,0.99503
2020-04-18,Vermont,biden,0.99994
2020-04-18,Vermont,trump,6e-5
2020-04-18,Virginia,biden,0.94934
2020-04-18,Virginia,trump,0.05066
2020-04-18,Washington,biden,0.99967
2020-04-18,Washington,trump,3.3e-4
2020-04-18,West Virginia,biden,0
2020-04-18,West Virginia,trump,1
2020-04-18,Wisconsin,biden,0.60989
2020-04-18,Wisconsin,trump,0.39011
2020-04-18,Wyoming,biden,0
2020-04-18,Wyoming,trump,1
2020-04-19,Alabama,biden,6e-5
2020-04-19,Alabama,trump,0.99994
2020-04-19,Alaska,biden,0.0491
2020-04-19,Alaska,trump,0.9509
2020-04-19,Arizona,biden,0.67849
2020-04-19,Arizona,trump,0.32151
2020-04-19,Arkansas,biden,0.00242
2020-04-19,Arkansas,trump,0.99758
2020-04-19,California,biden,1
2020-04-19,California,trump,0
2020-04-19,Colorado,biden,0.88598
2020-04-19,Colorado,trump,0.11402
2020-04-19,Connecticut,biden,0.98254
2020-04-19,Connecticut,trump,0.01746
2020-04-19,Delaware,biden,0.99628
2020-04-19,Delaware,trump,0.0037200000000000002
2020-04-19,District of Columbia,biden,1
2020-04-19,District of Columbia,trump,0
2020-04-19,Florida,biden,0.64212
2020-04-19,Florida,trump,0.35788
2020-04-19,Georgia,biden,0.41851
2020-04-19,Georgia,trump,0.58149
2020-04-19,Hawaii,biden,1
2020-04-19,Hawaii,trump,0
2020-04-19,Idaho,biden,8e-5
2020-04-19,Idaho,trump,0.99992
2020-04-19,Illinois,biden,0.99477
2020-04-19,Illinois,trump,0.00523
2020-04-19,Indiana,biden,0.00527
2020-04-19,Indiana,trump,0.99473
2020-04-19,Iowa,biden,0.10462
2020-04-19,Iowa,trump,0.89538
2020-04-19,Kansas,biden,0.01832
2020-04-19,Kansas,trump,0.98168
2020-04-19,Kentucky,biden,7e-5
2020-04-19,Kentucky,trump,0.99993
2020-04-19,Louisiana,biden,0.03122
2020-04-19,Louisiana,trump,0.96878
2020-04-19,Maine,biden,0.8561
2020-04-19,Maine,trump,0.1439
2020-04-19,Maine's 1st congressional district,biden,0.98878
2020-04-19,Maine's 1st congressional district,trump,0.01122
2020-04-19,Maine's 2nd congressional district,biden,0.20993
2020-04-19,Maine's 2nd congressional district,trump,0.79007
2020-04-19,Maryland,biden,1
2020-04-19,Maryland,trump,0
2020-04-19,Massachusetts,biden,0.99965
2020-04-19,Massachusetts,trump,3.5e-4
2020-04-19,Michigan,biden,0.76636
2020-04-19,Michigan,trump,0.23364
2020-04-19,Minnesota,biden,0.87881
2020-04-19,Minnesota,trump,0.12119
2020-04-19,Mississippi,biden,0.00654
2020-04-19,Mississippi,trump,0.99346
2020-04-19,Missouri,biden,0.013
2020-04-19,Missouri,trump,0.987
2020-04-19,Montana,biden,6.4e-4
2020-04-19,Montana,trump,0.99936
2020-04-19,National,biden,0.75257
2020-04-19,National,trump,0.24743
2020-04-19,Nebraska,biden,0.00388
2020-04-19,Nebraska,trump,0.99612
2020-04-19,Nebraska's 1st congressional district,biden,0.01644
2020-04-19,Nebraska's 1st congressional district,trump,0.98356
2020-04-19,Nebraska's 2nd congressional district,biden,0.57926
2020-04-19,Nebraska's 2nd congressional district,trump,0.42074
2020-04-19,Nebraska's 3rd congressional district,biden,0
2020-04-19,Nebraska's 3rd congressional district,trump,1
2020-04-19,Nevada,biden,0.85206
2020-04-19,Nevada,trump,0.14794
2020-04-19,New Hampshire,biden,0.68299
2020-04-19,New Hampshire,trump,0.31701
2020-04-19,New Jersey,biden,0.99906
2020-04-19,New Jersey,trump,9.4e-4
2020-04-19,New Mexico,biden,0.98284
2020-04-19,New Mexico,trump,0.01716
2020-04-19,New York,biden,1
2020-04-19,New York,trump,0
2020-04-19,North Carolina,biden,0.36211
2020-04-19,North Carolina,trump,0.63789
2020-04-19,North Dakota,biden,0
2020-04-19,North Dakota,trump,1
2020-04-19,Ohio,biden,0.33918
2020-04-19,Ohio,trump,0.66082
2020-04-19,Oklahoma,biden,0
2020-04-19,Oklahoma,trump,1
2020-04-19,Oregon,biden,0.97139
2020-04-19,Oregon,trump,0.02861
2020-04-19,Pennsylvania,biden,0.62016
2020-04-19,Pennsylvania,trump,0.37984
2020-04-19,Rhode Island,biden,0.99166
2020-04-19,Rhode Island,trump,0.00834
2020-04-19,South Carolina,biden,0.06621
2020-04-19,South Carolina,trump,0.93379
2020-04-19,South Dakota,biden,6.6e-4
2020-04-19,South Dakota,trump,0.99934
2020-04-19,Tennessee,biden,4.1e-4
2020-04-19,Tennessee,trump,0.99959
2020-04-19,Texas,biden,0.22159
2020-04-19,Texas,trump,0.77841
2020-04-19,Utah,biden,0.0049
2020-04-19,Utah,trump,0.9951
2020-04-19,Vermont,biden,0.99996
2020-04-19,Vermont,trump,4e-5
2020-04-19,Virginia,biden,0.95176
2020-04-19,Virginia,trump,0.04824
2020-04-19,Washington,biden,0.99971
2020-04-19,Washington,trump,2.9e-4
2020-04-19,West Virginia,biden,0
2020-04-19,West Virginia,trump,1
2020-04-19,Wisconsin,biden,0.61367
2020-04-19,Wisconsin,trump,0.38633
2020-04-19,Wyoming,biden,0
2020-04-19,Wyoming,trump,1
2020-04-20,Alabama,biden,6e-5
2020-04-20,Alabama,trump,0.99994
2020-04-20,Alaska,biden,0.04869
2020-04-20,Alaska,trump,0.95131
2020-04-20,Arizona,biden,0.6758
2020-04-20,Arizona,trump,0.3242
2020-04-20,Arkansas,biden,0.00218
2020-04-20,Arkansas,trump,0.99782
2020-04-20,California,biden,1
2020-04-20,California,trump,0
2020-04-20,Colorado,biden,0.89158
2020-04-20,Colorado,trump,0.10842
2020-04-20,Connecticut,biden,0.98455
2020-04-20,Connecticut,trump,0.01545
2020-04-20,Delaware,biden,0.99616
2020-04-20,Delaware,trump,0.00384
2020-04-20,District of Columbia,biden,1
2020-04-20,District of Columbia,trump,0
2020-04-20,Florida,biden,0.65148
2020-04-20,Florida,trump,0.34852
2020-04-20,Georgia,biden,0.42301
2020-04-20,Georgia,trump,0.57699
2020-04-20,Hawaii,biden,1
2020-04-20,Hawaii,trump,0
2020-04-20,Idaho,biden,5e-5
2020-04-20,Idaho,trump,0.99995
2020-04-20,Illinois,biden,0.99565
2020-04-20,Illinois,trump,0.00435
2020-04-20,Indiana,biden,0.00582
2020-04-20,Indiana,trump,0.99418
2020-04-20,Iowa,biden,0.11174
2020-04-20,Iowa,trump,0.88826
2020-04-20,Kansas,biden,0.01724
2020-04-20,Kansas,trump,0.98276
2020-04-20,Kentucky,biden,7e-5
2020-04-20,Kentucky,trump,0.99993
2020-04-20,Louisiana,biden,0.02955
2020-04-20,Louisiana,trump,0.97045
2020-04-20,Maine,biden,0.85966
2020-04-20,Maine,trump,0.14034
2020-04-20,Maine's 1st congressional district,biden,0.9904
2020-04-20,Maine's 1st congressional district,trump,0.0096
2020-04-20,Maine's 2nd congressional district,biden,0.2087
2020-04-20,Maine's 2nd congressional district,trump,0.7913
2020-04-20,Maryland,biden,1
2020-04-20,Maryland,trump,0
2020-04-20,Massachusetts,biden,0.99975
2020-04-20,Massachusetts,trump,2.5e-4
2020-04-20,Michigan,biden,0.7702
2020-04-20,Michigan,trump,0.2298
2020-04-20,Minnesota,biden,0.87834
2020-04-20,Minnesota,trump,0.12166
2020-04-20,Mississippi,biden,0.01556
2020-04-20,Mississippi,trump,0.98444
2020-04-20,Missouri,biden,0.01295
2020-04-20,Missouri,trump,0.98705
2020-04-20,Montana,biden,7.6e-4
2020-04-20,Montana,trump,0.99924
2020-04-20,National,biden,0.76143
2020-04-20,National,trump,0.23857
2020-04-20,Nebraska,biden,0.00351
2020-04-20,Nebraska,trump,0.99649
2020-04-20,Nebraska's 1st congressional district,biden,0.01561
2020-04-20,Nebraska's 1st congressional district,trump,0.98439
2020-04-20,Nebraska's 2nd congressional district,biden,0.58333
2020-04-20,Nebraska's 2nd congressional district,trump,0.41667
2020-04-20,Nebraska's 3rd congressional district,biden,0
2020-04-20,Nebraska's 3rd congressional district,trump,1
2020-04-20,Nevada,biden,0.85529
2020-04-20,Nevada,trump,0.14471
2020-04-20,New Hampshire,biden,0.69288
2020-04-20,New Hampshire,trump,0.30712
2020-04-20,New Jersey,biden,0.99904
2020-04-20,New Jersey,trump,9.6e-4
2020-04-20,New Mexico,biden,0.98299
2020-04-20,New Mexico,trump,0.01701
2020-04-20,New York,biden,1
2020-04-20,New York,trump,0
2020-04-20,North Carolina,biden,0.3764
2020-04-20,North Carolina,trump,0.6236
2020-04-20,North Dakota,biden,0
2020-04-20,North Dakota,trump,1
2020-04-20,Ohio,biden,0.3396
2020-04-20,Ohio,trump,0.6604
2020-04-20,Oklahoma,biden,0
2020-04-20,Oklahoma,trump,1
2020-04-20,Oregon,biden,0.97407
2020-04-20,Oregon,trump,0.02593
2020-04-20,Pennsylvania,biden,0.62984
2020-04-20,Pennsylvania,trump,0.37016
2020-04-20,Rhode Island,biden,0.99264
2020-04-20,Rhode Island,trump,0.00736
2020-04-20,South Carolina,biden,0.06693
2020-04-20,South Carolina,trump,0.93307
2020-04-20,South Dakota,biden,5.3e-4
2020-04-20,South Dakota,trump,0.99947
2020-04-20,Tennessee,biden,4.4e-4
2020-04-20,Tennessee,trump,0.99956
2020-04-20,Texas,biden,0.22319
2020-04-20,Texas,trump,0.77681
2020-04-20,Utah,biden,0.00454
2020-04-20,Utah,trump,0.99546
2020-04-20,Vermont,biden,0.99997
2020-04-20,Vermont,trump,3e-5
2020-04-20,Virginia,biden,0.95239
2020-04-20,Virginia,trump,0.04761
2020-04-20,Washington,biden,0.99931
2020-04-20,Washington,trump,6.9e-4
2020-04-20,West Virginia,biden,0
2020-04-20,West Virginia,trump,1
2020-04-20,Wisconsin,biden,0.62446
2020-04-20,Wisconsin,trump,0.37554
2020-04-20,Wyoming,biden,0
2020-04-20,Wyoming,trump,1
2020-04-21,Alabama,biden,5.5e-5
2020-04-21,Alabama,trump,0.999945
2020-04-21,Alaska,biden,0.04434
2020-04-21,Alaska,trump,0.95566
2020-04-21,Arizona,biden,0.66346
2020-04-21,Arizona,trump,0.33654
2020-04-21,Arkansas,biden,0.00197
2020-04-21,Arkansas,trump,0.99803
2020-04-21,California,biden,1
2020-04-21,California,trump,0
2020-04-21,Colorado,biden,0.885745
2020-04-21,Colorado,trump,0.114255
2020-04-21,Connecticut,biden,0.98397
2020-04-21,Connecticut,trump,0.01603
2020-04-21,Delaware,biden,0.996145
2020-04-21,Delaware,trump,0.003855
2020-04-21,District of Columbia,biden,1
2020-04-21,District of Columbia,trump,0
2020-04-21,Florida,biden,0.64331
2020-04-21,Florida,trump,0.35669
2020-04-21,Georgia,biden,0.406885
2020-04-21,Georgia,trump,0.593115
2020-04-21,Hawaii,biden,1
2020-04-21,Hawaii,trump,0
2020-04-21,Idaho,biden,4e-5
2020-04-21,Idaho,trump,0.99996
2020-04-21,Illinois,biden,0.99552
2020-04-21,Illinois,trump,0.00448
2020-04-21,Indiana,biden,0.005175
2020-04-21,Indiana,trump,0.994825
2020-04-21,Iowa,biden,0.102375
2020-04-21,Iowa,trump,0.897625
2020-04-21,Kansas,biden,0.01596
2020-04-21,Kansas,trump,0.98404
2020-04-21,Kentucky,biden,5.5e-5
2020-04-21,Kentucky,trump,0.999945
2020-04-21,Louisiana,biden,0.027475
2020-04-21,Louisiana,trump,0.972525
2020-04-21,Maine,biden,0.853295
2020-04-21,Maine,trump,0.146705
2020-04-21,Maine's 1st congressional district,biden,0.99005
2020-04-21,Maine's 1st congressional district,trump,0.00995
2020-04-21,Maine's 2nd congressional district,biden,0.200745
2020-04-21,Maine's 2nd congressional district,trump,0.799255
2020-04-21,Maryland,biden,1
2020-04-21,Maryland,trump,0
2020-04-21,Massachusetts,biden,0.999735
2020-04-21,Massachusetts,trump,2.65e-4
2020-04-21,Michigan,biden,0.75889
2020-04-21,Michigan,trump,0.24111
2020-04-21,Minnesota,biden,0.873695
2020-04-21,Minnesota,trump,0.126305
2020-04-21,Mississippi,biden,0.013605
2020-04-21,Mississippi,trump,0.986395
2020-04-21,Missouri,biden,0.011515
2020-04-21,Missouri,trump,0.988485
2020-04-21,Montana,biden,5.95e-4
2020-04-21,Montana,trump,0.999405
2020-04-21,National,biden,0.748935
2020-04-21,National,trump,0.251065
2020-04-21,Nebraska,biden,0.00312
2020-04-21,Nebraska,trump,0.99688
2020-04-21,Nebraska's 1st congressional district,biden,0.01434
2020-04-21,Nebraska's 1st congressional district,trump,0.98566
2020-04-21,Nebraska's 2nd congressional district,biden,0.57403
2020-04-21,Nebraska's 2nd congressional district,trump,0.42597
2020-04-21,Nebraska's 3rd congressional district,biden,0
2020-04-21,Nebraska's 3rd congressional district,trump,1
2020-04-21,Nevada,biden,0.84864
2020-04-21,Nevada,trump,0.15136
2020-04-21,New Hampshire,biden,0.67967
2020-04-21,New Hampshire,trump,0.32033
2020-04-21,New Jersey,biden,0.999065
2020-04-21,New Jersey,trump,9.35e-4
2020-04-21,New Mexico,biden,0.98237
2020-04-21,New Mexico,trump,0.01763
2020-04-21,New York,biden,1
2020-04-21,New York,trump,0
2020-04-21,North Carolina,biden,0.360115
2020-04-21,North Carolina,trump,0.639885
2020-04-21,North Dakota,biden,0
2020-04-21,North Dakota,trump,1
2020-04-21,Ohio,biden,0.326255
2020-04-21,Ohio,trump,0.673745
2020-04-21,Oklahoma,biden,0
2020-04-21,Oklahoma,trump,1
2020-04-21,Oregon,biden,0.97307
2020-04-21,Oregon,trump,0.02693
2020-04-21,Pennsylvania,biden,0.61545
2020-04-21,Pennsylvania,trump,0.38455
2020-04-21,Rhode Island,biden,0.992405
2020-04-21,Rhode Island,trump,0.007595
2020-04-21,South Carolina,biden,0.061425
2020-04-21,South Carolina,trump,0.938575
2020-04-21,South Dakota,biden,4.7e-4
2020-04-21,South Dakota,trump,0.99953
2020-04-21,Tennessee,biden,3.5e-4
2020-04-21,Tennessee,trump,0.99965
2020-04-21,Texas,biden,0.21157
2020-04-21,Texas,trump,0.78843
2020-04-21,Utah,biden,0.00402
2020-04-21,Utah,trump,0.99598
2020-04-21,Vermont,biden,0.99997
2020-04-21,Vermont,trump,3e-5
2020-04-21,Virginia,biden,0.950335
2020-04-21,Virginia,trump,0.049665
2020-04-21,Washington,biden,0.99931
2020-04-21,Washington,trump,6.9e-4
2020-04-21,West Virginia,biden,0
2020-04-21,West Virginia,trump,1
2020-04-21,Wisconsin,biden,0.609865
2020-04-21,Wisconsin,trump,0.390135
2020-04-21,Wyoming,biden,0
2020-04-21,Wyoming,trump,1
2020-04-22,Alabama,biden,5e-5
2020-04-22,Alabama,trump,0.99995
2020-04-22,Alaska,biden,0.03999
2020-04-22,Alaska,trump,0.96001
2020-04-22,Arizona,biden,0.65112
2020-04-22,Arizona,trump,0.34888
2020-04-22,Arkansas,biden,0.00176
2020-04-22,Arkansas,trump,0.99824
2020-04-22,California,biden,1
2020-04-22,California,trump,0
2020-04-22,Colorado,biden,0.87991
2020-04-22,Colorado,trump,0.12009
2020-04-22,Connecticut,biden,0.98339
2020-04-22,Connecticut,trump,0.01661
2020-04-22,Delaware,biden,0.99613
2020-04-22,Delaware,trump,0.00387
2020-04-22,District of Columbia,biden,1
2020-04-22,District of Columbia,trump,0
2020-04-22,Florida,biden,0.61919
2020-04-22,Florida,trump,0.38081
2020-04-22,Georgia,biden,0.39079
2020-04-22,Georgia,trump,0.60921
2020-04-22,Hawaii,biden,1
2020-04-22,Hawaii,trump,0
2020-04-22,Idaho,biden,3e-5
2020-04-22,Idaho,trump,0.99997
2020-04-22,Illinois,biden,0.99539
2020-04-22,Illinois,trump,0.00461
2020-04-22,Indiana,biden,0.00453
2020-04-22,Indiana,trump,0.99547
2020-04-22,Iowa,biden,0.09305
2020-04-22,Iowa,trump,0.90695
2020-04-22,Kansas,biden,0.01468
2020-04-22,Kansas,trump,0.98532
2020-04-22,Kentucky,biden,4e-5
2020-04-22,Kentucky,trump,0.99996
2020-04-22,Louisiana,biden,0.0254
2020-04-22,Louisiana,trump,0.9746
2020-04-22,Maine,biden,0.84692
2020-04-22,Maine,trump,0.15308
2020-04-22,Maine's 1st congressional district,biden,0.9897
2020-04-22,Maine's 1st congressional district,trump,0.0103
2020-04-22,Maine's 2nd congressional district,biden,0.19279
2020-04-22,Maine's 2nd congressional district,trump,0.80721
2020-04-22,Maryland,biden,1
2020-04-22,Maryland,trump,0
2020-04-22,Massachusetts,biden,0.99972
2020-04-22,Massachusetts,trump,2.8e-4
2020-04-22,Michigan,biden,0.76896
2020-04-22,Michigan,trump,0.23104
2020-04-22,Minnesota,biden,0.8691
2020-04-22,Minnesota,trump,0.1309
2020-04-22,Mississippi,biden,0.01166
2020-04-22,Mississippi,trump,0.98834
2020-04-22,Missouri,biden,0.01004
2020-04-22,Missouri,trump,0.98996
2020-04-22,Montana,biden,4.3e-4
2020-04-22,Montana,trump,0.99957
2020-04-22,National,biden,0.7622
2020-04-22,National,trump,0.2378
2020-04-22,Nebraska,biden,0.00273
2020-04-22,Nebraska,trump,0.99727
2020-04-22,Nebraska's 1st congressional district,biden,0.01307
2020-04-22,Nebraska's 1st congressional district,trump,0.98693
2020-04-22,Nebraska's 2nd congressional district,biden,0.56473
2020-04-22,Nebraska's 2nd congressional district,trump,0.43527
2020-04-22,Nebraska's 3rd congressional district,biden,0
2020-04-22,Nebraska's 3rd congressional district,trump,1
2020-04-22,Nevada,biden,0.84195
2020-04-22,Nevada,trump,0.15805
2020-04-22,New Hampshire,biden,0.66652
2020-04-22,New Hampshire,trump,0.33348
2020-04-22,New Jersey,biden,0.99909
2020-04-22,New Jersey,trump,9.1e-4
2020-04-22,New Mexico,biden,0.98182
2020-04-22,New Mexico,trump,0.01818
2020-04-22,New York,biden,1
2020-04-22,New York,trump,0
2020-04-22,North Carolina,biden,0.34378
2020-04-22,North Carolina,trump,0.65622
2020-04-22,North Dakota,biden,0
2020-04-22,North Dakota,trump,1
2020-04-22,Ohio,biden,0.31288
2020-04-22,Ohio,trump,0.68712
2020-04-22,Oklahoma,biden,0
2020-04-22,Oklahoma,trump,1
2020-04-22,Oregon,biden,0.97207
2020-04-22,Oregon,trump,0.02793
2020-04-22,Pennsylvania,biden,0.74236
2020-04-22,Pennsylvania,trump,0.25764
2020-04-22,Rhode Island,biden,0.99217
2020-04-22,Rhode Island,trump,0.00783
2020-04-22,South Carolina,biden,0.05592
2020-04-22,South Carolina,trump,0.94408
2020-04-22,South Dakota,biden,4.1e-4
2020-04-22,South Dakota,trump,0.99959
2020-04-22,Tennessee,biden,2.6e-4
2020-04-22,Tennessee,trump,0.99974
2020-04-22,Texas,biden,0.19993
2020-04-22,Texas,trump,0.80007
2020-04-22,Utah,biden,0.00349
2020-04-22,Utah,trump,0.99651
2020-04-22,Vermont,biden,0.99997
2020-04-22,Vermont,trump,3e-5
2020-04-22,Virginia,biden,0.94826
2020-04-22,Virginia,trump,0.05174
2020-04-22,Washington,biden,0.99931
2020-04-22,Washington,trump,6.9e-4
2020-04-22,West Virginia,biden,0
2020-04-22,West Virginia,trump,1
2020-04-22,Wisconsin,biden,0.64054
2020-04-22,Wisconsin,trump,0.35946
2020-04-22,Wyoming,biden,0
2020-04-22,Wyoming,trump,1
2020-04-23,Alabama,biden,5e-5
2020-04-23,Alabama,trump,0.99995
2020-04-23,Alaska,biden,0.04166
2020-04-23,Alaska,trump,0.95834
2020-04-23,Arizona,biden,0.65519
2020-04-23,Arizona,trump,0.34481
2020-04-23,Arkansas,biden,0.00178
2020-04-23,Arkansas,trump,0.99822
2020-04-23,California,biden,1
2020-04-23,California,trump,0
2020-04-23,Colorado,biden,0.88303
2020-04-23,Colorado,trump,0.11697
2020-04-23,Connecticut,biden,0.98376
2020-04-23,Connecticut,trump,0.01624
2020-04-23,Delaware,biden,0.99623
2020-04-23,Delaware,trump,0.00377
2020-04-23,District of Columbia,biden,1
2020-04-23,District of Columbia,trump,0
2020-04-23,Florida,biden,0.6225
2020-04-23,Florida,trump,0.3775
2020-04-23,Georgia,biden,0.39593
2020-04-23,Georgia,trump,0.60407
2020-04-23,Hawaii,biden,1
2020-04-23,Hawaii,trump,0
2020-04-23,Idaho,biden,3e-5
2020-04-23,Idaho,trump,0.99997
2020-04-23,Illinois,biden,0.99549
2020-04-23,Illinois,trump,0.00451
2020-04-23,Indiana,biden,0.00478
2020-04-23,Indiana,trump,0.99522
2020-04-23,Iowa,biden,0.09651
2020-04-23,Iowa,trump,0.90349
2020-04-23,Kansas,biden,0.01506
2020-04-23,Kansas,trump,0.98494
2020-04-23,Kentucky,biden,4e-5
2020-04-23,Kentucky,trump,0.99996
2020-04-23,Louisiana,biden,0.02584
2020-04-23,Louisiana,trump,0.97416
2020-04-23,Maine,biden,0.85036
2020-04-23,Maine,trump,0.14964
2020-04-23,Maine's 1st congressional district,biden,0.98995
2020-04-23,Maine's 1st congressional district,trump,0.01005
2020-04-23,Maine's 2nd congressional district,biden,0.19557
2020-04-23,Maine's 2nd congressional district,trump,0.80443
2020-04-23,Maryland,biden,1
2020-04-23,Maryland,trump,0
2020-04-23,Massachusetts,biden,0.99972
2020-04-23,Massachusetts,trump,2.8e-4
2020-04-23,Michigan,biden,0.7712
2020-04-23,Michigan,trump,0.2288
2020-04-23,Minnesota,biden,0.87184
2020-04-23,Minnesota,trump,0.12816
2020-04-23,Mississippi,biden,0.01232
2020-04-23,Mississippi,trump,0.98768
2020-04-23,Missouri,biden,0.01054
2020-04-23,Missouri,trump,0.98946
2020-04-23,Montana,biden,4.6e-4
2020-04-23,Montana,trump,0.99954
2020-04-23,National,biden,0.76802
2020-04-23,National,trump,0.23198
2020-04-23,Nebraska,biden,0.00282
2020-04-23,Nebraska,trump,0.99718
2020-04-23,Nebraska's 1st congressional district,biden,0.01341
2020-04-23,Nebraska's 1st congressional district,trump,0.98659
2020-04-23,Nebraska's 2nd congressional district,biden,0.56925
2020-04-23,Nebraska's 2nd congressional district,trump,0.43075
2020-04-23,Nebraska's 3rd congressional district,biden,0
2020-04-23,Nebraska's 3rd congressional district,trump,1
2020-04-23,Nevada,biden,0.84614
2020-04-23,Nevada,trump,0.15386
2020-04-23,New Hampshire,biden,0.67325
2020-04-23,New Hampshire,trump,0.32675
2020-04-23,New Jersey,biden,0.99845
2020-04-23,New Jersey,trump,0.00155
2020-04-23,New Mexico,biden,0.9823
2020-04-23,New Mexico,trump,0.0177
2020-04-23,New York,biden,1
2020-04-23,New York,trump,0
2020-04-23,North Carolina,biden,0.3508
2020-04-23,North Carolina,trump,0.6492
2020-04-23,North Dakota,biden,0
2020-04-23,North Dakota,trump,1
2020-04-23,Ohio,biden,0.31861
2020-04-23,Ohio,trump,0.68139
2020-04-23,Oklahoma,biden,0
2020-04-23,Oklahoma,trump,1
2020-04-23,Oregon,biden,0.97269
2020-04-23,Oregon,trump,0.02731
2020-04-23,Pennsylvania,biden,0.75187
2020-04-23,Pennsylvania,trump,0.24813
2020-04-23,Rhode Island,biden,0.99236
2020-04-23,Rhode Island,trump,0.00764
2020-04-23,South Carolina,biden,0.05797
2020-04-23,South Carolina,trump,0.94203
2020-04-23,South Dakota,biden,4.4e-4
2020-04-23,South Dakota,trump,0.99956
2020-04-23,Tennessee,biden,2.8e-4
2020-04-23,Tennessee,trump,0.99972
2020-04-23,Texas,biden,0.2044
2020-04-23,Texas,trump,0.7956
2020-04-23,Utah,biden,0.00366
2020-04-23,Utah,trump,0.99634
2020-04-23,Vermont,biden,0.99997
2020-04-23,Vermont,trump,3e-5
2020-04-23,Virginia,biden,0.94957
2020-04-23,Virginia,trump,0.05043
2020-04-23,Washington,biden,0.99933
2020-04-23,Washington,trump,6.7e-4
2020-04-23,West Virginia,biden,0
2020-04-23,West Virginia,trump,1
2020-04-23,Wisconsin,biden,0.64292
2020-04-23,Wisconsin,trump,0.35708
2020-04-23,Wyoming,biden,0
2020-04-23,Wyoming,trump,1
2020-04-24,Alabama,biden,6e-5
2020-04-24,Alabama,trump,0.99994
2020-04-24,Alaska,biden,0.04592
2020-04-24,Alaska,trump,0.95408
2020-04-24,Arizona,biden,0.66737
2020-04-24,Arizona,trump,0.33263
2020-04-24,Arkansas,biden,0.00194
2020-04-24,Arkansas,trump,0.99806
2020-04-24,California,biden,1
2020-04-24,California,trump,0
2020-04-24,Colorado,biden,0.88877
2020-04-24,Colorado,trump,0.11123
2020-04-24,Connecticut,biden,0.98401
2020-04-24,Connecticut,trump,0.01599
2020-04-24,Delaware,biden,0.99638
2020-04-24,Delaware,trump,0.00362
2020-04-24,District of Columbia,biden,1
2020-04-24,District of Columbia,trump,0
2020-04-24,Florida,biden,0.63555
2020-04-24,Florida,trump,0.36445
2020-04-24,Georgia,biden,0.34289
2020-04-24,Georgia,trump,0.65711
2020-04-24,Hawaii,biden,1
2020-04-24,Hawaii,trump,0
2020-04-24,Idaho,biden,3e-5
2020-04-24,Idaho,trump,0.99997
2020-04-24,Illinois,biden,0.99557
2020-04-24,Illinois,trump,0.00443
2020-04-24,Indiana,biden,0.00556
2020-04-24,Indiana,trump,0.99444
2020-04-24,Iowa,biden,0.10452
2020-04-24,Iowa,trump,0.89548
2020-04-24,Kansas,biden,0.01577
2020-04-24,Kansas,trump,0.98423
2020-04-24,Kentucky,biden,6e-5
2020-04-24,Kentucky,trump,0.99994
2020-04-24,Louisiana,biden,0.02706
2020-04-24,Louisiana,trump,0.97294
2020-04-24,Maine,biden,0.85645
2020-04-24,Maine,trump,0.14355
2020-04-24,Maine's 1st congressional district,biden,0.99015
2020-04-24,Maine's 1st congressional district,trump,0.00985
2020-04-24,Maine's 2nd congressional district,biden,0.20042
2020-04-24,Maine's 2nd congressional district,trump,0.79958
2020-04-24,Maryland,biden,1
2020-04-24,Maryland,trump,0
2020-04-24,Massachusetts,biden,0.99973
2020-04-24,Massachusetts,trump,2.7e-4
2020-04-24,Michigan,biden,0.78353
2020-04-24,Michigan,trump,0.21647
2020-04-24,Minnesota,biden,0.87755
2020-04-24,Minnesota,trump,0.12245
2020-04-24,Mississippi,biden,0.01363
2020-04-24,Mississippi,trump,0.98637
2020-04-24,Missouri,biden,0.01033
2020-04-24,Missouri,trump,0.98967
2020-04-24,Montana,biden,5.6e-4
2020-04-24,Montana,trump,0.99944
2020-04-24,National,biden,0.77955
2020-04-24,National,trump,0.22045
2020-04-24,Nebraska,biden,0.00305
2020-04-24,Nebraska,trump,0.99695
2020-04-24,Nebraska's 1st congressional district,biden,0.01415
2020-04-24,Nebraska's 1st congressional district,trump,0.98585
2020-04-24,Nebraska's 2nd congressional district,biden,0.57461
2020-04-24,Nebraska's 2nd congressional district,trump,0.42539
2020-04-24,Nebraska's 3rd congressional district,biden,0
2020-04-24,Nebraska's 3rd congressional district,trump,1
2020-04-24,Nevada,biden,0.85375
2020-04-24,Nevada,trump,0.14625
2020-04-24,New Hampshire,biden,0.68719
2020-04-24,New Hampshire,trump,0.31281
2020-04-24,New Jersey,biden,0.99852
2020-04-24,New Jersey,trump,0.00148
2020-04-24,New Mexico,biden,0.98324
2020-04-24,New Mexico,trump,0.01676
2020-04-24,New York,biden,1
2020-04-24,New York,trump,0
2020-04-24,North Carolina,biden,0.36478
2020-04-24,North Carolina,trump,0.63522
2020-04-24,North Dakota,biden,0
2020-04-24,North Dakota,trump,1
2020-04-24,Ohio,biden,0.33081
2020-04-24,Ohio,trump,0.66919
2020-04-24,Oklahoma,biden,0
2020-04-24,Oklahoma,trump,1
2020-04-24,Oregon,biden,0.97324
2020-04-24,Oregon,trump,0.02676
2020-04-24,Pennsylvania,biden,0.75029
2020-04-24,Pennsylvania,trump,0.24971
2020-04-24,Rhode Island,biden,0.99246
2020-04-24,Rhode Island,trump,0.00754
2020-04-24,South Carolina,biden,0.062
2020-04-24,South Carolina,trump,0.938
2020-04-24,South Dakota,biden,4.7e-4
2020-04-24,South Dakota,trump,0.99953
2020-04-24,Tennessee,biden,3.2e-4
2020-04-24,Tennessee,trump,0.99968
2020-04-24,Texas,biden,0.21448
2020-04-24,Texas,trump,0.78552
2020-04-24,Utah,biden,0.00404
2020-04-24,Utah,trump,0.99596
2020-04-24,Vermont,biden,0.99997
2020-04-24,Vermont,trump,3e-5
2020-04-24,Virginia,biden,0.9521
2020-04-24,Virginia,trump,0.0479
2020-04-24,Washington,biden,0.99937
2020-04-24,Washington,trump,6.3e-4
2020-04-24,West Virginia,biden,0
2020-04-24,West Virginia,trump,1
2020-04-24,Wisconsin,biden,0.6997
2020-04-24,Wisconsin,trump,0.3003
2020-04-24,Wyoming,biden,0
2020-04-24,Wyoming,trump,1
2020-04-25,Alabama,biden,6e-5
2020-04-25,Alabama,trump,0.99994
2020-04-25,Alaska,biden,0.04575
2020-04-25,Alaska,trump,0.95425
2020-04-25,Arizona,biden,0.66521
2020-04-25,Arizona,trump,0.33479
2020-04-25,Arkansas,biden,0.00192
2020-04-25,Arkansas,trump,0.99808
2020-04-25,California,biden,1
2020-04-25,California,trump,0
2020-04-25,Colorado,biden,0.88789
2020-04-25,Colorado,trump,0.11211
2020-04-25,Connecticut,biden,0.98383
2020-04-25,Connecticut,trump,0.01617
2020-04-25,Delaware,biden,0.99632
2020-04-25,Delaware,trump,0.00368
2020-04-25,District of Columbia,biden,1
2020-04-25,District of Columbia,trump,0
2020-04-25,Florida,biden,0.63437
2020-04-25,Florida,trump,0.36563
2020-04-25,Georgia,biden,0.33971
2020-04-25,Georgia,trump,0.66029
2020-04-25,Hawaii,biden,1
2020-04-25,Hawaii,trump,0
2020-04-25,Idaho,biden,3e-5
2020-04-25,Idaho,trump,0.99997
2020-04-25,Illinois,biden,0.99551
2020-04-25,Illinois,trump,0.00449
2020-04-25,Indiana,biden,0.00552
2020-04-25,Indiana,trump,0.99448
2020-04-25,Iowa,biden,0.10403
2020-04-25,Iowa,trump,0.89597
2020-04-25,Kansas,biden,0.01575
2020-04-25,Kansas,trump,0.98425
2020-04-25,Kentucky,biden,6e-5
2020-04-25,Kentucky,trump,0.99994
2020-04-25,Louisiana,biden,0.02699
2020-04-25,Louisiana,trump,0.97301
2020-04-25,Maine,biden,0.85548
2020-04-25,Maine,trump,0.14452
2020-04-25,Maine's 1st congressional district,biden,0.99004
2020-04-25,Maine's 1st congressional district,trump,0.00996
2020-04-25,Maine's 2nd congressional district,biden,0.19983
2020-04-25,Maine's 2nd congressional district,trump,0.80017
2020-04-25,Maryland,biden,1
2020-04-25,Maryland,trump,0
2020-04-25,Massachusetts,biden,0.99973
2020-04-25,Massachusetts,trump,2.7e-4
2020-04-25,Michigan,biden,0.78266
2020-04-25,Michigan,trump,0.21734
2020-04-25,Minnesota,biden,0.87669
2020-04-25,Minnesota,trump,0.12331
2020-04-25,Mississippi,biden,0.01354
2020-04-25,Mississippi,trump,0.98646
2020-04-25,Missouri,biden,0.01029
2020-04-25,Missouri,trump,0.98971
2020-04-25,Montana,biden,5.5e-4
2020-04-25,Montana,trump,0.99945
2020-04-25,National,biden,0.77524
2020-04-25,National,trump,0.22476
2020-04-25,Nebraska,biden,0.00305
2020-04-25,Nebraska,trump,0.99695
2020-04-25,Nebraska's 1st congressional district,biden,0.01412
2020-04-25,Nebraska's 1st congressional district,trump,0.98588
2020-04-25,Nebraska's 2nd congressional district,biden,0.57368
2020-04-25,Nebraska's 2nd congressional district,trump,0.42632
2020-04-25,Nebraska's 3rd congressional district,biden,0
2020-04-25,Nebraska's 3rd congressional district,trump,1
2020-04-25,Nevada,biden,0.85291
2020-04-25,Nevada,trump,0.14709
2020-04-25,New Hampshire,biden,0.68581
2020-04-25,New Hampshire,trump,0.31419
2020-04-25,New Jersey,biden,0.99848
2020-04-25,New Jersey,trump,0.00152
2020-04-25,New Mexico,biden,0.98302
2020-04-25,New Mexico,trump,0.01698
2020-04-25,New York,biden,1
2020-04-25,New York,trump,0
2020-04-25,North Carolina,biden,0.3637
2020-04-25,North Carolina,trump,0.6363
2020-04-25,North Dakota,biden,0
2020-04-25,North Dakota,trump,1
2020-04-25,Ohio,biden,0.3299
2020-04-25,Ohio,trump,0.6701
2020-04-25,Oklahoma,biden,0
2020-04-25,Oklahoma,trump,1
2020-04-25,Oregon,biden,0.973
2020-04-25,Oregon,trump,0.027
2020-04-25,Pennsylvania,biden,0.74869
2020-04-25,Pennsylvania,trump,0.25131
2020-04-25,Rhode Island,biden,0.99237
2020-04-25,Rhode Island,trump,0.00763
2020-04-25,South Carolina,biden,0.0617
2020-04-25,South Carolina,trump,0.9383
2020-04-25,South Dakota,biden,4.7e-4
2020-04-25,South Dakota,trump,0.99953
2020-04-25,Tennessee,biden,3.2e-4
2020-04-25,Tennessee,trump,0.99968
2020-04-25,Texas,biden,0.17281
2020-04-25,Texas,trump,0.82719
2020-04-25,Utah,biden,0.00402
2020-04-25,Utah,trump,0.99598
2020-04-25,Vermont,biden,0.99997
2020-04-25,Vermont,trump,3e-5
2020-04-25,Virginia,biden,0.95164
2020-04-25,Virginia,trump,0.04836
2020-04-25,Washington,biden,0.99936
2020-04-25,Washington,trump,6.4e-4
2020-04-25,West Virginia,biden,0
2020-04-25,West Virginia,trump,1
2020-04-25,Wisconsin,biden,0.69781
2020-04-25,Wisconsin,trump,0.30219
2020-04-25,Wyoming,biden,0
2020-04-25,Wyoming,trump,1
2020-04-26,Alabama,biden,6e-5
2020-04-26,Alabama,trump,0.99994
2020-04-26,Alaska,biden,0.04556
2020-04-26,Alaska,trump,0.95444
2020-04-26,Arizona,biden,0.66299
2020-04-26,Arizona,trump,0.33701
2020-04-26,Arkansas,biden,0.00192
2020-04-26,Arkansas,trump,0.99808
2020-04-26,California,biden,1
2020-04-26,California,trump,0
2020-04-26,Colorado,biden,0.88699
2020-04-26,Colorado,trump,0.11301
2020-04-26,Connecticut,biden,0.98367
2020-04-26,Connecticut,trump,0.01633
2020-04-26,Delaware,biden,0.9963
2020-04-26,Delaware,trump,0.0037
2020-04-26,District of Columbia,biden,1
2020-04-26,District of Columbia,trump,0
2020-04-26,Florida,biden,0.63336
2020-04-26,Florida,trump,0.36664
2020-04-26,Georgia,biden,0.33738
2020-04-26,Georgia,trump,0.66262
2020-04-26,Hawaii,biden,1
2020-04-26,Hawaii,trump,0
2020-04-26,Idaho,biden,3e-5
2020-04-26,Idaho,trump,0.99997
2020-04-26,Illinois,biden,0.99546
2020-04-26,Illinois,trump,0.00454
2020-04-26,Indiana,biden,0.0055
2020-04-26,Indiana,trump,0.9945
2020-04-26,Iowa,biden,0.10362
2020-04-26,Iowa,trump,0.89638
2020-04-26,Kansas,biden,0.01574
2020-04-26,Kansas,trump,0.98426
2020-04-26,Kentucky,biden,6e-5
2020-04-26,Kentucky,trump,0.99994
2020-04-26,Louisiana,biden,0.02689
2020-04-26,Louisiana,trump,0.97311
2020-04-26,Maine,biden,0.85481
2020-04-26,Maine,trump,0.14519
2020-04-26,Maine's 1st congressional district,biden,0.98994
2020-04-26,Maine's 1st congressional district,trump,0.01006
2020-04-26,Maine's 2nd congressional district,biden,0.19948
2020-04-26,Maine's 2nd congressional district,trump,0.80052
2020-04-26,Maryland,biden,1
2020-04-26,Maryland,trump,0
2020-04-26,Massachusetts,biden,0.99972
2020-04-26,Massachusetts,trump,2.8e-4
2020-04-26,Michigan,biden,0.78178
2020-04-26,Michigan,trump,0.21822
2020-04-26,Minnesota,biden,0.87575
2020-04-26,Minnesota,trump,0.12425
2020-04-26,Mississippi,biden,0.01347
2020-04-26,Mississippi,trump,0.98653
2020-04-26,Missouri,biden,0.01026
2020-04-26,Missouri,trump,0.98974
2020-04-26,Montana,biden,5.5e-4
2020-04-26,Montana,trump,0.99945
2020-04-26,National,biden,0.77376
2020-04-26,National,trump,0.22624
2020-04-26,Nebraska,biden,0.00304
2020-04-26,Nebraska,trump,0.99696
2020-04-26,Nebraska's 1st congressional district,biden,0.01409
2020-04-26,Nebraska's 1st congressional district,trump,0.98591
2020-04-26,Nebraska's 2nd congressional district,biden,0.57287
2020-04-26,Nebraska's 2nd congressional district,trump,0.42713
2020-04-26,Nebraska's 3rd congressional district,biden,0
2020-04-26,Nebraska's 3rd congressional district,trump,1
2020-04-26,Nevada,biden,0.85223
2020-04-26,Nevada,trump,0.14777
2020-04-26,New Hampshire,biden,0.68458
2020-04-26,New Hampshire,trump,0.31542
2020-04-26,New Jersey,biden,0.99847
2020-04-26,New Jersey,trump,0.00153
2020-04-26,New Mexico,biden,0.98284
2020-04-26,New Mexico,trump,0.01716
2020-04-26,New York,biden,1
2020-04-26,New York,trump,0
2020-04-26,North Carolina,biden,0.36295
2020-04-26,North Carolina,trump,0.63705
2020-04-26,North Dakota,biden,0
2020-04-26,North Dakota,trump,1
2020-04-26,Ohio,biden,0.32924
2020-04-26,Ohio,trump,0.67076
2020-04-26,Oklahoma,biden,0
2020-04-26,Oklahoma,trump,1
2020-04-26,Oregon,biden,0.97279
2020-04-26,Oregon,trump,0.02721
2020-04-26,Pennsylvania,biden,0.74729
2020-04-26,Pennsylvania,trump,0.25271
2020-04-26,Rhode Island,biden,0.99232
2020-04-26,Rhode Island,trump,0.00768
2020-04-26,South Carolina,biden,0.06149
2020-04-26,South Carolina,trump,0.93851
2020-04-26,South Dakota,biden,4.7e-4
2020-04-26,South Dakota,trump,0.99953
2020-04-26,Tennessee,biden,3.1e-4
2020-04-26,Tennessee,trump,0.99969
2020-04-26,Texas,biden,0.17244
2020-04-26,Texas,trump,0.82756
2020-04-26,Utah,biden,0.00402
2020-04-26,Utah,trump,0.99598
2020-04-26,Vermont,biden,0.99997
2020-04-26,Vermont,trump,3e-5
2020-04-26,Virginia,biden,0.95109
2020-04-26,Virginia,trump,0.04891
2020-04-26,Washington,biden,0.99935
2020-04-26,Washington,trump,6.5e-4
2020-04-26,West Virginia,biden,0
2020-04-26,West Virginia,trump,1
2020-04-26,Wisconsin,biden,0.69623
2020-04-26,Wisconsin,trump,0.30377
2020-04-26,Wyoming,biden,0
2020-04-26,Wyoming,trump,1
2020-04-27,Alabama,biden,6e-5
2020-04-27,Alabama,trump,0.99994
2020-04-27,Alaska,biden,0.04817
2020-04-27,Alaska,trump,0.95183
2020-04-27,Arizona,biden,0.66991
2020-04-27,Arizona,trump,0.33009
2020-04-27,Arkansas,biden,0.00213
2020-04-27,Arkansas,trump,0.99787
2020-04-27,California,biden,1
2020-04-27,California,trump,0
2020-04-27,Colorado,biden,0.88796
2020-04-27,Colorado,trump,0.11204
2020-04-27,Connecticut,biden,0.98424
2020-04-27,Connecticut,trump,0.01576
2020-04-27,Delaware,biden,0.99627
2020-04-27,Delaware,trump,0.00373
2020-04-27,District of Columbia,biden,1
2020-04-27,District of Columbia,trump,0
2020-04-27,Florida,biden,0.64412
2020-04-27,Florida,trump,0.35588
2020-04-27,Georgia,biden,0.34443
2020-04-27,Georgia,trump,0.65557
2020-04-27,Hawaii,biden,1
2020-04-27,Hawaii,trump,0
2020-04-27,Idaho,biden,3e-5
2020-04-27,Idaho,trump,0.99997
2020-04-27,Illinois,biden,0.99556
2020-04-27,Illinois,trump,0.00444
2020-04-27,Indiana,biden,0.00603
2020-04-27,Indiana,trump,0.99397
2020-04-27,Iowa,biden,0.10936
2020-04-27,Iowa,trump,0.89064
2020-04-27,Kansas,biden,0.01711
2020-04-27,Kansas,trump,0.98289
2020-04-27,Kentucky,biden,6e-5
2020-04-27,Kentucky,trump,0.99994
2020-04-27,Louisiana,biden,0.02933
2020-04-27,Louisiana,trump,0.97067
2020-04-27,Maine,biden,0.85807
2020-04-27,Maine,trump,0.14193
2020-04-27,Maine's 1st congressional district,biden,0.99022
2020-04-27,Maine's 1st congressional district,trump,0.00978
2020-04-27,Maine's 2nd congressional district,biden,0.20745
2020-04-27,Maine's 2nd congressional district,trump,0.79255
2020-04-27,Maryland,biden,1
2020-04-27,Maryland,trump,0
2020-04-27,Massachusetts,biden,0.99972
2020-04-27,Massachusetts,trump,2.8e-4
2020-04-27,Michigan,biden,0.78839
2020-04-27,Michigan,trump,0.21161
2020-04-27,Minnesota,biden,0.87753
2020-04-27,Minnesota,trump,0.12247
2020-04-27,Mississippi,biden,0.01499
2020-04-27,Mississippi,trump,0.98501
2020-04-27,Missouri,biden,0.01144
2020-04-27,Missouri,trump,0.98856
2020-04-27,Montana,biden,6.8e-4
2020-04-27,Montana,trump,0.99932
2020-04-27,National,biden,0.77979
2020-04-27,National,trump,0.22021
2020-04-27,Nebraska,biden,0.00341
2020-04-27,Nebraska,trump,0.99659
2020-04-27,Nebraska's 1st congressional district,biden,0.01549
2020-04-27,Nebraska's 1st congressional district,trump,0.98451
2020-04-27,Nebraska's 2nd congressional district,biden,0.58242
2020-04-27,Nebraska's 2nd congressional district,trump,0.41758
2020-04-27,Nebraska's 3rd congressional district,biden,0
2020-04-27,Nebraska's 3rd congressional district,trump,1
2020-04-27,Nevada,biden,0.85466
2020-04-27,Nevada,trump,0.14534
2020-04-27,New Hampshire,biden,0.69186
2020-04-27,New Hampshire,trump,0.30814
2020-04-27,New Jersey,biden,0.9985
2020-04-27,New Jersey,trump,0.0015
2020-04-27,New Mexico,biden,0.98305
2020-04-27,New Mexico,trump,0.01695
2020-04-27,New York,biden,1
2020-04-27,New York,trump,0
2020-04-27,North Carolina,biden,0.37347
2020-04-27,North Carolina,trump,0.62653
2020-04-27,North Dakota,biden,0
2020-04-27,North Dakota,trump,1
2020-04-27,Ohio,biden,0.30023
2020-04-27,Ohio,trump,0.69977
2020-04-27,Oklahoma,biden,0
2020-04-27,Oklahoma,trump,1
2020-04-27,Oregon,biden,0.97343
2020-04-27,Oregon,trump,0.02657
2020-04-27,Pennsylvania,biden,0.75406
2020-04-27,Pennsylvania,trump,0.24594
2020-04-27,Rhode Island,biden,0.99255
2020-04-27,Rhode Island,trump,0.00745
2020-04-27,South Carolina,biden,0.06509
2020-04-27,South Carolina,trump,0.93491
2020-04-27,South Dakota,biden,5.2e-4
2020-04-27,South Dakota,trump,0.99948
2020-04-27,Tennessee,biden,3.6e-4
2020-04-27,Tennessee,trump,0.99964
2020-04-27,Texas,biden,0.182
2020-04-27,Texas,trump,0.818
2020-04-27,Utah,biden,0.00447
2020-04-27,Utah,trump,0.99553
2020-04-27,Vermont,biden,0.99996
2020-04-27,Vermont,trump,4e-5
2020-04-27,Virginia,biden,0.95172
2020-04-27,Virginia,trump,0.048280000000000003
2020-04-27,Washington,biden,0.99938
2020-04-27,Washington,trump,6.2e-4
2020-04-27,West Virginia,biden,0
2020-04-27,West Virginia,trump,1
2020-04-27,Wisconsin,biden,0.70337
2020-04-27,Wisconsin,trump,0.29663
2020-04-27,Wyoming,biden,0
2020-04-27,Wyoming,trump,1
2020-04-28,Alabama,biden,8e-5
2020-04-28,Alabama,trump,0.99992
2020-04-28,Alaska,biden,0.05167
2020-04-28,Alaska,trump,0.94833
2020-04-28,Arizona,biden,0.67831
2020-04-28,Arizona,trump,0.32169
2020-04-28,Arkansas,biden,0.00237
2020-04-28,Arkansas,trump,0.99763
2020-04-28,California,biden,1
2020-04-28,California,trump,0
2020-04-28,Colorado,biden,0.89165
2020-04-28,Colorado,trump,0.10835
2020-04-28,Connecticut,biden,0.98448
2020-04-28,Connecticut,trump,0.01552
2020-04-28,Delaware,biden,0.99631
2020-04-28,Delaware,trump,0.00369
2020-04-28,District of Columbia,biden,1
2020-04-28,District of Columbia,trump,0
2020-04-28,Florida,biden,0.64663
2020-04-28,Florida,trump,0.35337
2020-04-28,Georgia,biden,0.35358
2020-04-28,Georgia,trump,0.64642
2020-04-28,Hawaii,biden,1
2020-04-28,Hawaii,trump,0
2020-04-28,Idaho,biden,7e-5
2020-04-28,Idaho,trump,0.99993
2020-04-28,Illinois,biden,0.99564
2020-04-28,Illinois,trump,0.00436
2020-04-28,Indiana,biden,0.00694
2020-04-28,Indiana,trump,0.99306
2020-04-28,Iowa,biden,0.11593
2020-04-28,Iowa,trump,0.88407
2020-04-28,Kansas,biden,0.01869
2020-04-28,Kansas,trump,0.98131
2020-04-28,Kentucky,biden,7e-5
2020-04-28,Kentucky,trump,0.99993
2020-04-28,Louisiana,biden,0.03174
2020-04-28,Louisiana,trump,0.96826
2020-04-28,Maine,biden,0.86204
2020-04-28,Maine,trump,0.13796
2020-04-28,Maine's 1st congressional district,biden,0.99043
2020-04-28,Maine's 1st congressional district,trump,0.00957
2020-04-28,Maine's 2nd congressional district,biden,0.216
2020-04-28,Maine's 2nd congressional district,trump,0.784
2020-04-28,Maryland,biden,1
2020-04-28,Maryland,trump,0
2020-04-28,Massachusetts,biden,0.99972
2020-04-28,Massachusetts,trump,2.8e-4
2020-04-28,Michigan,biden,0.79116
2020-04-28,Michigan,trump,0.20884
2020-04-28,Minnesota,biden,0.88081
2020-04-28,Minnesota,trump,0.11919
2020-04-28,Mississippi,biden,0.01664
2020-04-28,Mississippi,trump,0.98336
2020-04-28,Missouri,biden,0.01275
2020-04-28,Missouri,trump,0.98725
2020-04-28,Montana,biden,7.2e-4
2020-04-28,Montana,trump,0.99928
2020-04-28,National,biden,0.79815
2020-04-28,National,trump,0.20185
2020-04-28,Nebraska,biden,0.00382
2020-04-28,Nebraska,trump,0.99618
2020-04-28,Nebraska's 1st congressional district,biden,0.01701
2020-04-28,Nebraska's 1st congressional district,trump,0.98299
2020-04-28,Nebraska's 2nd congressional district,biden,0.59136
2020-04-28,Nebraska's 2nd congressional district,trump,0.40864
2020-04-28,Nebraska's 3rd congressional district,biden,0
2020-04-28,Nebraska's 3rd congressional district,trump,1
2020-04-28,Nevada,biden,0.85994
2020-04-28,Nevada,trump,0.14006
2020-04-28,New Hampshire,biden,0.70066
2020-04-28,New Hampshire,trump,0.29934
2020-04-28,New Jersey,biden,0.99843
2020-04-28,New Jersey,trump,0.00157
2020-04-28,New Mexico,biden,0.98368
2020-04-28,New Mexico,trump,0.01632
2020-04-28,New York,biden,1
2020-04-28,New York,trump,0
2020-04-28,North Carolina,biden,0.57703
2020-04-28,North Carolina,trump,0.42297
2020-04-28,North Dakota,biden,0
2020-04-28,North Dakota,trump,1
2020-04-28,Ohio,biden,0.30771
2020-04-28,Ohio,trump,0.69229
2020-04-28,Oklahoma,biden,0
2020-04-28,Oklahoma,trump,1
2020-04-28,Oregon,biden,0.97424
2020-04-28,Oregon,trump,0.02576
2020-04-28,Pennsylvania,biden,0.75336
2020-04-28,Pennsylvania,trump,0.24664
2020-04-28,Rhode Island,biden,0.99267
2020-04-28,Rhode Island,trump,0.00733
2020-04-28,South Carolina,biden,0.06983
2020-04-28,South Carolina,trump,0.93017
2020-04-28,South Dakota,biden,6e-4
2020-04-28,South Dakota,trump,0.9994
2020-04-28,Tennessee,biden,4.3e-4
2020-04-28,Tennessee,trump,0.99957
2020-04-28,Texas,biden,0.19296
2020-04-28,Texas,trump,0.80704
2020-04-28,Utah,biden,0.00507
2020-04-28,Utah,trump,0.99493
2020-04-28,Vermont,biden,0.99996
2020-04-28,Vermont,trump,4e-5
2020-04-28,Virginia,biden,0.95319
2020-04-28,Virginia,trump,0.04681
2020-04-28,Washington,biden,0.99934
2020-04-28,Washington,trump,6.6e-4
2020-04-28,West Virginia,biden,0
2020-04-28,West Virginia,trump,1
2020-04-28,Wisconsin,biden,0.70787
2020-04-28,Wisconsin,trump,0.29213
2020-04-28,Wyoming,biden,0
2020-04-28,Wyoming,trump,1
2020-04-29,Alabama,biden,6e-5
2020-04-29,Alabama,trump,0.99994
2020-04-29,Alaska,biden,0.04781
2020-04-29,Alaska,trump,0.95219
2020-04-29,Arizona,biden,0.66662
2020-04-29,Arizona,trump,0.33338
2020-04-29,Arkansas,biden,0.00213
2020-04-29,Arkansas,trump,0.99787
2020-04-29,California,biden,1
2020-04-29,California,trump,0
2020-04-29,Colorado,biden,0.88921
2020-04-29,Colorado,trump,0.11079
2020-04-29,Connecticut,biden,0.98496
2020-04-29,Connecticut,trump,0.01504
2020-04-29,Delaware,biden,0.99615
2020-04-29,Delaware,trump,0.00385
2020-04-29,District of Columbia,biden,1
2020-04-29,District of Columbia,trump,0
2020-04-29,Florida,biden,0.63941
2020-04-29,Florida,trump,0.36059
2020-04-29,Georgia,biden,0.34381
2020-04-29,Georgia,trump,0.65619
2020-04-29,Hawaii,biden,1
2020-04-29,Hawaii,trump,0
2020-04-29,Idaho,biden,4e-5
2020-04-29,Idaho,trump,0.99996
2020-04-29,Illinois,biden,0.99581
2020-04-29,Illinois,trump,0.00419
2020-04-29,Indiana,biden,0.00645
2020-04-29,Indiana,trump,0.99355
2020-04-29,Iowa,biden,0.11151
2020-04-29,Iowa,trump,0.88849
2020-04-29,Kansas,biden,0.00426
2020-04-29,Kansas,trump,0.99574
2020-04-29,Kentucky,biden,6e-5
2020-04-29,Kentucky,trump,0.99994
2020-04-29,Louisiana,biden,0.02907
2020-04-29,Louisiana,trump,0.97093
2020-04-29,Maine,biden,0.9123
2020-04-29,Maine,trump,0.0877
2020-04-29,Maine's 1st congressional district,biden,0.99064
2020-04-29,Maine's 1st congressional district,trump,0.00936
2020-04-29,Maine's 2nd congressional district,biden,0.20877
2020-04-29,Maine's 2nd congressional district,trump,0.79123
2020-04-29,Maryland,biden,1
2020-04-29,Maryland,trump,0
2020-04-29,Massachusetts,biden,0.99975
2020-04-29,Massachusetts,trump,2.5e-4
2020-04-29,Michigan,biden,0.78388
2020-04-29,Michigan,trump,0.21612
2020-04-29,Minnesota,biden,0.8757
2020-04-29,Minnesota,trump,0.1243
2020-04-29,Mississippi,biden,0.01548
2020-04-29,Mississippi,trump,0.98452
2020-04-29,Missouri,biden,0.01142
2020-04-29,Missouri,trump,0.98858
2020-04-29,Montana,biden,7.4e-4
2020-04-29,Montana,trump,0.99926
2020-04-29,National,biden,0.79977
2020-04-29,National,trump,0.20023
2020-04-29,Nebraska,biden,0.00322
2020-04-29,Nebraska,trump,0.99678
2020-04-29,Nebraska's 1st congressional district,biden,0.0153
2020-04-29,Nebraska's 1st congressional district,trump,0.9847
2020-04-29,Nebraska's 2nd congressional district,biden,0.58611
2020-04-29,Nebraska's 2nd congressional district,trump,0.41389
2020-04-29,Nebraska's 3rd congressional district,biden,0
2020-04-29,Nebraska's 3rd congressional district,trump,1
2020-04-29,Nevada,biden,0.85536
2020-04-29,Nevada,trump,0.14464
2020-04-29,New Hampshire,biden,0.81489
2020-04-29,New Hampshire,trump,0.18511
2020-04-29,New Jersey,biden,0.99835
2020-04-29,New Jersey,trump,0.00165
2020-04-29,New Mexico,biden,0.97675
2020-04-29,New Mexico,trump,0.02325
2020-04-29,New York,biden,1
2020-04-29,New York,trump,0
2020-04-29,North Carolina,biden,0.56333
2020-04-29,North Carolina,trump,0.43667
2020-04-29,North Dakota,biden,0
2020-04-29,North Dakota,trump,1
2020-04-29,Ohio,biden,0.29765
2020-04-29,Ohio,trump,0.70235
2020-04-29,Oklahoma,biden,0
2020-04-29,Oklahoma,trump,1
2020-04-29,Oregon,biden,0.97455
2020-04-29,Oregon,trump,0.02545
2020-04-29,Pennsylvania,biden,0.74505999999999994
2020-04-29,Pennsylvania,trump,0.25494
2020-04-29,Rhode Island,biden,0.99289
2020-04-29,Rhode Island,trump,0.00711
2020-04-29,South Carolina,biden,0.06585
2020-04-29,South Carolina,trump,0.93415
2020-04-29,South Dakota,biden,5.1e-4
2020-04-29,South Dakota,trump,0.99949
2020-04-29,Tennessee,biden,3.8e-4
2020-04-29,Tennessee,trump,0.99962
2020-04-29,Texas,biden,0.26648
2020-04-29,Texas,trump,0.73352
2020-04-29,Utah,biden,8.8e-4
2020-04-29,Utah,trump,0.99912
2020-04-29,Vermont,biden,0.99996
2020-04-29,Vermont,trump,4e-5
2020-04-29,Virginia,biden,0.95115
2020-04-29,Virginia,trump,0.04885
2020-04-29,Washington,biden,0.99935
2020-04-29,Washington,trump,6.5e-4
2020-04-29,West Virginia,biden,0
2020-04-29,West Virginia,trump,1
2020-04-29,Wisconsin,biden,0.70093
2020-04-29,Wisconsin,trump,0.29907
2020-04-29,Wyoming,biden,0
2020-04-29,Wyoming,trump,1
2020-04-30,Alabama,biden,6e-5
2020-04-30,Alabama,trump,0.99994
2020-04-30,Alaska,biden,0.04527
2020-04-30,Alaska,trump,0.95473
2020-04-30,Arizona,biden,0.65564
2020-04-30,Arizona,trump,0.34436
2020-04-30,Arkansas,biden,0.00199
2020-04-30,Arkansas,trump,0.99801
2020-04-30,California,biden,1
2020-04-30,California,trump,0
2020-04-30,Colorado,biden,0.88319
2020-04-30,Colorado,trump,0.11681
2020-04-30,Connecticut,biden,0.98388
2020-04-30,Connecticut,trump,0.01612
2020-04-30,Delaware,biden,0.99574
2020-04-30,Delaware,trump,0.00426
2020-04-30,District of Columbia,biden,1
2020-04-30,District of Columbia,trump,0
2020-04-30,Florida,biden,0.63283
2020-04-30,Florida,trump,0.36717
2020-04-30,Georgia,biden,0.3312
2020-04-30,Georgia,trump,0.6688
2020-04-30,Hawaii,biden,1
2020-04-30,Hawaii,trump,0
2020-04-30,Idaho,biden,3e-5
2020-04-30,Idaho,trump,0.99997
2020-04-30,Illinois,biden,0.99539
2020-04-30,Illinois,trump,0.00461
2020-04-30,Indiana,biden,0.00596
2020-04-30,Indiana,trump,0.99404
2020-04-30,Iowa,biden,0.10682
2020-04-30,Iowa,trump,0.89318
2020-04-30,Kansas,biden,0.00406
2020-04-30,Kansas,trump,0.99594
2020-04-30,Kentucky,biden,5e-5
2020-04-30,Kentucky,trump,0.99995
2020-04-30,Louisiana,biden,0.0282
2020-04-30,Louisiana,trump,0.9718
2020-04-30,Maine,biden,0.90735
2020-04-30,Maine,trump,0.09265
2020-04-30,Maine's 1st congressional district,biden,0.99006
2020-04-30,Maine's 1st congressional district,trump,0.00994
2020-04-30,Maine's 2nd congressional district,biden,0.20352
2020-04-30,Maine's 2nd congressional district,trump,0.79648
2020-04-30,Maryland,biden,1
2020-04-30,Maryland,trump,0
2020-04-30,Massachusetts,biden,0.99975
2020-04-30,Massachusetts,trump,2.5e-4
2020-04-30,Michigan,biden,0.78049
2020-04-30,Michigan,trump,0.21951
2020-04-30,Minnesota,biden,0.86936
2020-04-30,Minnesota,trump,0.13064
2020-04-30,Mississippi,biden,0.0145
2020-04-30,Mississippi,trump,0.9855
2020-04-30,Missouri,biden,0.0107
2020-04-30,Missouri,trump,0.9893
2020-04-30,Montana,biden,6.9e-4
2020-04-30,Montana,trump,0.99931
2020-04-30,National,biden,0.79065
2020-04-30,National,trump,0.20935
2020-04-30,Nebraska,biden,0.00308
2020-04-30,Nebraska,trump,0.99692
2020-04-30,Nebraska's 1st congressional district,biden,0.01474
2020-04-30,Nebraska's 1st congressional district,trump,0.98526
2020-04-30,Nebraska's 2nd congressional district,biden,0.57786
2020-04-30,Nebraska's 2nd congressional district,trump,0.42214
2020-04-30,Nebraska's 3rd congressional district,biden,0
2020-04-30,Nebraska's 3rd congressional district,trump,1
2020-04-30,Nevada,biden,0.84745
2020-04-30,Nevada,trump,0.15255
2020-04-30,New Hampshire,biden,0.81205
2020-04-30,New Hampshire,trump,0.18795
2020-04-30,New Jersey,biden,0.99811
2020-04-30,New Jersey,trump,0.00189
2020-04-30,New Mexico,biden,0.97586
2020-04-30,New Mexico,trump,0.024140000000000002
2020-04-30,New York,biden,1
2020-04-30,New York,trump,0
2020-04-30,North Carolina,biden,0.55652
2020-04-30,North Carolina,trump,0.44348
2020-04-30,North Dakota,biden,0
2020-04-30,North Dakota,trump,1
2020-04-30,Ohio,biden,0.29121
2020-04-30,Ohio,trump,0.70879
2020-04-30,Oklahoma,biden,0
2020-04-30,Oklahoma,trump,1
2020-04-30,Oregon,biden,0.97302
2020-04-30,Oregon,trump,0.02698
2020-04-30,Pennsylvania,biden,0.73843
2020-04-30,Pennsylvania,trump,0.26157
2020-04-30,Rhode Island,biden,0.99245
2020-04-30,Rhode Island,trump,0.00755
2020-04-30,South Carolina,biden,0.0622
2020-04-30,South Carolina,trump,0.9378
2020-04-30,South Dakota,biden,4.7e-4
2020-04-30,South Dakota,trump,0.99953
2020-04-30,Tennessee,biden,3.7e-4
2020-04-30,Tennessee,trump,0.99963
2020-04-30,Texas,biden,0.25882
2020-04-30,Texas,trump,0.74118
2020-04-30,Utah,biden,8e-4
2020-04-30,Utah,trump,0.9992
2020-04-30,Vermont,biden,0.99996
2020-04-30,Vermont,trump,4e-5
2020-04-30,Virginia,biden,0.94783
2020-04-30,Virginia,trump,0.05217
2020-04-30,Washington,biden,0.99927
2020-04-30,Washington,trump,7.3e-4
2020-04-30,West Virginia,biden,0
2020-04-30,West Virginia,trump,1
2020-04-30,Wisconsin,biden,0.69039
2020-04-30,Wisconsin,trump,0.30961
2020-04-30,Wyoming,biden,0
2020-04-30,Wyoming,trump,1
2020-05-01,Alabama,biden,5e-5
2020-05-01,Alabama,trump,0.99995
2020-05-01,Alaska,biden,0.03979
2020-05-01,Alaska,trump,0.96021
2020-05-01,Arizona,biden,0.62191
2020-05-01,Arizona,trump,0.37809
2020-05-01,Arkansas,biden,0.00191
2020-05-01,Arkansas,trump,0.99809
2020-05-01,California,biden,1
2020-05-01,California,trump,0
2020-05-01,Colorado,biden,0.85982
2020-05-01,Colorado,trump,0.14018
2020-05-01,Connecticut,biden,0.97936
2020-05-01,Connecticut,trump,0.02064
2020-05-01,Delaware,biden,0.99383
2020-05-01,Delaware,trump,0.00617
2020-05-01,District of Columbia,biden,1
2020-05-01,District of Columbia,trump,0
2020-05-01,Florida,biden,0.59529
2020-05-01,Florida,trump,0.40471
2020-05-01,Georgia,biden,0.40426
2020-05-01,Georgia,trump,0.59574
2020-05-01,Hawaii,biden,1
2020-05-01,Hawaii,trump,0
2020-05-01,Idaho,biden,3e-5
2020-05-01,Idaho,trump,0.99997
2020-05-01,Illinois,biden,0.99338
2020-05-01,Illinois,trump,0.00662
2020-05-01,Indiana,biden,0.00504
2020-05-01,Indiana,trump,0.99496
2020-05-01,Iowa,biden,0.09227
2020-05-01,Iowa,trump,0.90773
2020-05-01,Kansas,biden,0.00349
2020-05-01,Kansas,trump,0.99651
2020-05-01,Kentucky,biden,6e-5
2020-05-01,Kentucky,trump,0.99994
2020-05-01,Louisiana,biden,0.02647
2020-05-01,Louisiana,trump,0.97353
2020-05-01,Maine,biden,0.88827
2020-05-01,Maine,trump,0.11173
2020-05-01,Maine's 1st congressional district,biden,0.98655
2020-05-01,Maine's 1st congressional district,trump,0.01345
2020-05-01,Maine's 2nd congressional district,biden,0.18988
2020-05-01,Maine's 2nd congressional district,trump,0.81012
2020-05-01,Maryland,biden,1
2020-05-01,Maryland,trump,0
2020-05-01,Massachusetts,biden,0.99958
2020-05-01,Massachusetts,trump,4.2e-4
2020-05-01,Michigan,biden,0.7518
2020-05-01,Michigan,trump,0.2482
2020-05-01,Minnesota,biden,0.84674
2020-05-01,Minnesota,trump,0.15326
2020-05-01,Mississippi,biden,0.01209
2020-05-01,Mississippi,trump,0.98791
2020-05-01,Missouri,biden,0.0091
2020-05-01,Missouri,trump,0.9909
2020-05-01,Montana,biden,5.6e-4
2020-05-01,Montana,trump,0.99944
2020-05-01,National,biden,0.75864
2020-05-01,National,trump,0.24136
2020-05-01,Nebraska,biden,0.003
2020-05-01,Nebraska,trump,0.997
2020-05-01,Nebraska's 1st congressional district,biden,0.01398
2020-05-01,Nebraska's 1st congressional district,trump,0.98602
2020-05-01,Nebraska's 2nd congressional district,biden,0.55063
2020-05-01,Nebraska's 2nd congressional district,trump,0.44937
2020-05-01,Nebraska's 3rd congressional district,biden,0
2020-05-01,Nebraska's 3rd congressional district,trump,1
2020-05-01,Nevada,biden,0.82138
2020-05-01,Nevada,trump,0.17862
2020-05-01,New Hampshire,biden,0.78355
2020-05-01,New Hampshire,trump,0.21645
2020-05-01,New Jersey,biden,0.99728000000000006
2020-05-01,New Jersey,trump,0.00272
2020-05-01,New Mexico,biden,0.96797
2020-05-01,New Mexico,trump,0.03203
2020-05-01,New York,biden,1
2020-05-01,New York,trump,0
2020-05-01,North Carolina,biden,0.5509
2020-05-01,North Carolina,trump,0.4491
2020-05-01,North Dakota,biden,0
2020-05-01,North Dakota,trump,1
2020-05-01,Ohio,biden,0.26462
2020-05-01,Ohio,trump,0.73538
2020-05-01,Oklahoma,biden,0
2020-05-01,Oklahoma,trump,1
2020-05-01,Oregon,biden,0.96639
2020-05-01,Oregon,trump,0.03361
2020-05-01,Pennsylvania,biden,0.71159
2020-05-01,Pennsylvania,trump,0.28841
2020-05-01,Rhode Island,biden,0.9896
2020-05-01,Rhode Island,trump,0.0104
2020-05-01,South Carolina,biden,0.05383
2020-05-01,South Carolina,trump,0.94617
2020-05-01,South Dakota,biden,4.6e-4
2020-05-01,South Dakota,trump,0.99954
2020-05-01,Tennessee,biden,3.1e-4
2020-05-01,Tennessee,trump,0.99969
2020-05-01,Texas,biden,0.24465
2020-05-01,Texas,trump,0.75535
2020-05-01,Utah,biden,7.1e-4
2020-05-01,Utah,trump,0.99929
2020-05-01,Vermont,biden,0.99992
2020-05-01,Vermont,trump,8e-5
2020-05-01,Virginia,biden,0.93481
2020-05-01,Virginia,trump,0.06519
2020-05-01,Washington,biden,0.99877
2020-05-01,Washington,trump,0.00123
2020-05-01,West Virginia,biden,0
2020-05-01,West Virginia,trump,1
2020-05-01,Wisconsin,biden,0.6521
2020-05-01,Wisconsin,trump,0.3479
2020-05-01,Wyoming,biden,0
2020-05-01,Wyoming,trump,1
2020-05-02,Alabama,biden,6e-5
2020-05-02,Alabama,trump,0.99994
2020-05-02,Alaska,biden,0.04018
2020-05-02,Alaska,trump,0.95982
2020-05-02,Arizona,biden,0.62337
2020-05-02,Arizona,trump,0.37663
2020-05-02,Arkansas,biden,0.00193
2020-05-02,Arkansas,trump,0.99807
2020-05-02,California,biden,1
2020-05-02,California,trump,0
2020-05-02,Colorado,biden,0.86102
2020-05-02,Colorado,trump,0.13898
2020-05-02,Connecticut,biden,0.97962
2020-05-02,Connecticut,trump,0.02038
2020-05-02,Delaware,biden,0.99393
2020-05-02,Delaware,trump,0.00607
2020-05-02,District of Columbia,biden,1
2020-05-02,District of Columbia,trump,0
2020-05-02,Florida,biden,0.59772
2020-05-02,Florida,trump,0.40228
2020-05-02,Georgia,biden,0.40564
2020-05-02,Georgia,trump,0.59436
2020-05-02,Hawaii,biden,1
2020-05-02,Hawaii,trump,0
2020-05-02,Idaho,biden,3e-5
2020-05-02,Idaho,trump,0.99997
2020-05-02,Illinois,biden,0.99347
2020-05-02,Illinois,trump,0.00653
2020-05-02,Indiana,biden,0.00507
2020-05-02,Indiana,trump,0.99493
2020-05-02,Iowa,biden,0.09314
2020-05-02,Iowa,trump,0.90686
2020-05-02,Kansas,biden,0.00352
2020-05-02,Kansas,trump,0.99648
2020-05-02,Kentucky,biden,6e-5
2020-05-02,Kentucky,trump,0.99994
2020-05-02,Louisiana,biden,0.02669
2020-05-02,Louisiana,trump,0.97331
2020-05-02,Maine,biden,0.88946
2020-05-02,Maine,trump,0.11054
2020-05-02,Maine's 1st congressional district,biden,0.98671
2020-05-02,Maine's 1st congressional district,trump,0.01329
2020-05-02,Maine's 2nd congressional district,biden,0.19085
2020-05-02,Maine's 2nd congressional district,trump,0.80915
2020-05-02,Maryland,biden,1
2020-05-02,Maryland,trump,0
2020-05-02,Massachusetts,biden,0.99961
2020-05-02,Massachusetts,trump,3.9e-4
2020-05-02,Michigan,biden,0.75335
2020-05-02,Michigan,trump,0.24665
2020-05-02,Minnesota,biden,0.84824
2020-05-02,Minnesota,trump,0.15176
2020-05-02,Mississippi,biden,0.01217
2020-05-02,Mississippi,trump,0.98783
2020-05-02,Missouri,biden,0.00923
2020-05-02,Missouri,trump,0.99077
2020-05-02,Montana,biden,5.9e-4
2020-05-02,Montana,trump,0.99941
2020-05-02,National,biden,0.75982
2020-05-02,National,trump,0.24018
2020-05-02,Nebraska,biden,0.003
2020-05-02,Nebraska,trump,0.997
2020-05-02,Nebraska's 1st congressional district,biden,0.01407
2020-05-02,Nebraska's 1st congressional district,trump,0.98593
2020-05-02,Nebraska's 2nd congressional district,biden,0.55218
2020-05-02,Nebraska's 2nd congressional district,trump,0.44782
2020-05-02,Nebraska's 3rd congressional district,biden,0
2020-05-02,Nebraska's 3rd congressional district,trump,1
2020-05-02,Nevada,biden,0.82306
2020-05-02,Nevada,trump,0.17694
2020-05-02,New Hampshire,biden,0.78516
2020-05-02,New Hampshire,trump,0.21484
2020-05-02,New Jersey,biden,0.99732
2020-05-02,New Jersey,trump,0.00268
2020-05-02,New Mexico,biden,0.96839
2020-05-02,New Mexico,trump,0.03161
2020-05-02,New York,biden,1
2020-05-02,New York,trump,0
2020-05-02,North Carolina,biden,0.54991
2020-05-02,North Carolina,trump,0.45009
2020-05-02,North Dakota,biden,0
2020-05-02,North Dakota,trump,1
2020-05-02,Ohio,biden,0.26678
2020-05-02,Ohio,trump,0.73322
2020-05-02,Oklahoma,biden,0
2020-05-02,Oklahoma,trump,1
2020-05-02,Oregon,biden,0.96677
2020-05-02,Oregon,trump,0.03323
2020-05-02,Pennsylvania,biden,0.71333
2020-05-02,Pennsylvania,trump,0.28667
2020-05-02,Rhode Island,biden,0.98984
2020-05-02,Rhode Island,trump,0.01016
2020-05-02,South Carolina,biden,0.05432
2020-05-02,South Carolina,trump,0.94568
2020-05-02,South Dakota,biden,4.6e-4
2020-05-02,South Dakota,trump,0.99954
2020-05-02,Tennessee,biden,3.1e-4
2020-05-02,Tennessee,trump,0.99969
2020-05-02,Texas,biden,0.23583
2020-05-02,Texas,trump,0.76417
2020-05-02,Utah,biden,7.6e-4
2020-05-02,Utah,trump,0.99924
2020-05-02,Vermont,biden,0.99992
2020-05-02,Vermont,trump,8e-5
2020-05-02,Virginia,biden,0.93563
2020-05-02,Virginia,trump,0.06437
2020-05-02,Washington,biden,0.99882
2020-05-02,Washington,trump,0.00118
2020-05-02,West Virginia,biden,0
2020-05-02,West Virginia,trump,1
2020-05-02,Wisconsin,biden,0.65356
2020-05-02,Wisconsin,trump,0.34644
2020-05-02,Wyoming,biden,0
2020-05-02,Wyoming,trump,1
2020-05-03,Alabama,biden,3e-5
2020-05-03,Alabama,trump,0.99997
2020-05-03,Alaska,biden,0.04123
2020-05-03,Alaska,trump,0.95877
2020-05-03,Arizona,biden,0.63879
2020-05-03,Arizona,trump,0.36121
2020-05-03,Arkansas,biden,0.0017
2020-05-03,Arkansas,trump,0.9983
2020-05-03,California,biden,1
2020-05-03,California,trump,0
2020-05-03,Colorado,biden,0.87464
2020-05-03,Colorado,trump,0.12536
2020-05-03,Connecticut,biden,0.98195
2020-05-03,Connecticut,trump,0.01805
2020-05-03,Delaware,biden,0.9958
2020-05-03,Delaware,trump,0.0042
2020-05-03,District of Columbia,biden,1
2020-05-03,District of Columbia,trump,0
2020-05-03,Florida,biden,0.61367
2020-05-03,Florida,trump,0.38633
2020-05-03,Georgia,biden,0.41818
2020-05-03,Georgia,trump,0.58182
2020-05-03,Hawaii,biden,1
2020-05-03,Hawaii,trump,0
2020-05-03,Idaho,biden,3e-5
2020-05-03,Idaho,trump,0.99997
2020-05-03,Illinois,biden,0.99463
2020-05-03,Illinois,trump,0.00537
2020-05-03,Indiana,biden,0.00481
2020-05-03,Indiana,trump,0.99519
2020-05-03,Iowa,biden,0.09465
2020-05-03,Iowa,trump,0.90535
2020-05-03,Kansas,biden,0.00325
2020-05-03,Kansas,trump,0.99675
2020-05-03,Kentucky,biden,4e-5
2020-05-03,Kentucky,trump,0.99996
2020-05-03,Louisiana,biden,0.02507
2020-05-03,Louisiana,trump,0.97493
2020-05-03,Maine,biden,0.90436
2020-05-03,Maine,trump,0.09564
2020-05-03,Maine's 1st congressional district,biden,0.9885
2020-05-03,Maine's 1st congressional district,trump,0.0115
2020-05-03,Maine's 2nd congressional district,biden,0.18909
2020-05-03,Maine's 2nd congressional district,trump,0.81091
2020-05-03,Maryland,biden,1
2020-05-03,Maryland,trump,0
2020-05-03,Massachusetts,biden,0.99968
2020-05-03,Massachusetts,trump,3.2e-4
2020-05-03,Michigan,biden,0.76788
2020-05-03,Michigan,trump,0.23212
2020-05-03,Minnesota,biden,0.86518
2020-05-03,Minnesota,trump,0.13482
2020-05-03,Mississippi,biden,0.01167
2020-05-03,Mississippi,trump,0.98833
2020-05-03,Missouri,biden,0.00878
2020-05-03,Missouri,trump,0.99122
2020-05-03,Montana,biden,4.5e-4
2020-05-03,Montana,trump,0.99955
2020-05-03,National,biden,0.78206
2020-05-03,National,trump,0.21794
2020-05-03,Nebraska,biden,0.00266
2020-05-03,Nebraska,trump,0.99734
2020-05-03,Nebraska's 1st congressional district,biden,0.01287
2020-05-03,Nebraska's 1st congressional district,trump,0.98713
2020-05-03,Nebraska's 2nd congressional district,biden,0.55723
2020-05-03,Nebraska's 2nd congressional district,trump,0.44277
2020-05-03,Nebraska's 3rd congressional district,biden,0
2020-05-03,Nebraska's 3rd congressional district,trump,1
2020-05-03,Nevada,biden,0.83834
2020-05-03,Nevada,trump,0.16166
2020-05-03,New Hampshire,biden,0.80301
2020-05-03,New Hampshire,trump,0.19699
2020-05-03,New Jersey,biden,0.99806
2020-05-03,New Jersey,trump,0.00194
2020-05-03,New Mexico,biden,0.97442
2020-05-03,New Mexico,trump,0.02558
2020-05-03,New York,biden,1
2020-05-03,New York,trump,0
2020-05-03,North Carolina,biden,0.56304
2020-05-03,North Carolina,trump,0.43696
2020-05-03,North Dakota,biden,0
2020-05-03,North Dakota,trump,1
2020-05-03,Ohio,biden,0.27577
2020-05-03,Ohio,trump,0.72423
2020-05-03,Oklahoma,biden,0
2020-05-03,Oklahoma,trump,1
2020-05-03,Oregon,biden,0.96985
2020-05-03,Oregon,trump,0.03015
2020-05-03,Pennsylvania,biden,0.72947
2020-05-03,Pennsylvania,trump,0.27053
2020-05-03,Rhode Island,biden,0.99136
2020-05-03,Rhode Island,trump,0.00864
2020-05-03,South Carolina,biden,0.05466
2020-05-03,South Carolina,trump,0.94534
2020-05-03,South Dakota,biden,4.2e-4
2020-05-03,South Dakota,trump,0.99958
2020-05-03,Tennessee,biden,2.7e-4
2020-05-03,Tennessee,trump,0.99973
2020-05-03,Texas,biden,0.2426
2020-05-03,Texas,trump,0.7574
2020-05-03,Utah,biden,7e-4
2020-05-03,Utah,trump,0.9993
2020-05-03,Vermont,biden,0.99996
2020-05-03,Vermont,trump,4e-5
2020-05-03,Virginia,biden,0.94556
2020-05-03,Virginia,trump,0.05444
2020-05-03,Washington,biden,0.99921
2020-05-03,Washington,trump,7.9e-4
2020-05-03,West Virginia,biden,0
2020-05-03,West Virginia,trump,1
2020-05-03,Wisconsin,biden,0.67104
2020-05-03,Wisconsin,trump,0.32896
2020-05-03,Wyoming,biden,0
2020-05-03,Wyoming,trump,1
2020-05-04,Alabama,biden,2e-5
2020-05-04,Alabama,trump,0.99998
2020-05-04,Alaska,biden,0.03267
2020-05-04,Alaska,trump,0.96733
2020-05-04,Arizona,biden,0.61335
2020-05-04,Arizona,trump,0.38665
2020-05-04,Arkansas,biden,0.00149
2020-05-04,Arkansas,trump,0.99851
2020-05-04,California,biden,1
2020-05-04,California,trump,0
2020-05-04,Colorado,biden,0.8629
2020-05-04,Colorado,trump,0.1371
2020-05-04,Connecticut,biden,0.98092
2020-05-04,Connecticut,trump,0.01908
2020-05-04,Delaware,biden,0.99509
2020-05-04,Delaware,trump,0.00491
2020-05-04,District of Columbia,biden,1
2020-05-04,District of Columbia,trump,0
2020-05-04,Florida,biden,0.59518
2020-05-04,Florida,trump,0.40482
2020-05-04,Georgia,biden,0.39134
2020-05-04,Georgia,trump,0.60866
2020-05-04,Hawaii,biden,1
2020-05-04,Hawaii,trump,0
2020-05-04,Idaho,biden,3e-5
2020-05-04,Idaho,trump,0.99997
2020-05-04,Illinois,biden,0.9943
2020-05-04,Illinois,trump,0.0057
2020-05-04,Indiana,biden,0.00364
2020-05-04,Indiana,trump,0.99636
2020-05-04,Iowa,biden,0.16795
2020-05-04,Iowa,trump,0.83205
2020-05-04,Kansas,biden,0.00231
2020-05-04,Kansas,trump,0.99769
2020-05-04,Kentucky,biden,3e-5
2020-05-04,Kentucky,trump,0.99997
2020-05-04,Louisiana,biden,0.02248
2020-05-04,Louisiana,trump,0.97751999999999994
2020-05-04,Maine,biden,0.88966
2020-05-04,Maine,trump,0.11034
2020-05-04,Maine's 1st congressional district,biden,0.98783
2020-05-04,Maine's 1st congressional district,trump,0.01217
2020-05-04,Maine's 2nd congressional district,biden,0.17914
2020-05-04,Maine's 2nd congressional district,trump,0.82086
2020-05-04,Maryland,biden,1
2020-05-04,Maryland,trump,0
2020-05-04,Massachusetts,biden,1
2020-05-04,Massachusetts,trump,0
2020-05-04,Michigan,biden,0.75057
2020-05-04,Michigan,trump,0.24943
2020-05-04,Minnesota,biden,0.85226
2020-05-04,Minnesota,trump,0.14774
2020-05-04,Mississippi,biden,0.00953
2020-05-04,Mississippi,trump,0.99047
2020-05-04,Missouri,biden,0.00708
2020-05-04,Missouri,trump,0.99292
2020-05-04,Montana,biden,3e-4
2020-05-04,Montana,trump,0.9997
2020-05-04,National,biden,0.75835
2020-05-04,National,trump,0.24165
2020-05-04,Nebraska,biden,0.00232
2020-05-04,Nebraska,trump,0.99768
2020-05-04,Nebraska's 1st congressional district,biden,0.01139
2020-05-04,Nebraska's 1st congressional district,trump,0.98861
2020-05-04,Nebraska's 2nd congressional district,biden,0.54316
2020-05-04,Nebraska's 2nd congressional district,trump,0.45684
2020-05-04,Nebraska's 3rd congressional district,biden,0
2020-05-04,Nebraska's 3rd congressional district,trump,1
2020-05-04,Nevada,biden,0.82188
2020-05-04,Nevada,trump,0.17812
2020-05-04,New Hampshire,biden,0.78585
2020-05-04,New Hampshire,trump,0.21415
2020-05-04,New Jersey,biden,0.99781
2020-05-04,New Jersey,trump,0.00219
2020-05-04,New Mexico,biden,0.96935
2020-05-04,New Mexico,trump,0.03065
2020-05-04,New York,biden,1
2020-05-04,New York,trump,0
2020-05-04,North Carolina,biden,0.53547
2020-05-04,North Carolina,trump,0.46453
2020-05-04,North Dakota,biden,0
2020-05-04,North Dakota,trump,1
2020-05-04,Ohio,biden,0.25437
2020-05-04,Ohio,trump,0.74563
2020-05-04,Oklahoma,biden,0
2020-05-04,Oklahoma,trump,1
2020-05-04,Oregon,biden,0.96833
2020-05-04,Oregon,trump,0.03167
2020-05-04,Pennsylvania,biden,0.70877
2020-05-04,Pennsylvania,trump,0.29123
2020-05-04,Rhode Island,biden,0.99073
2020-05-04,Rhode Island,trump,0.00927
2020-05-04,South Carolina,biden,0.04563
2020-05-04,South Carolina,trump,0.95437
2020-05-04,South Dakota,biden,3.8e-4
2020-05-04,South Dakota,trump,0.99962
2020-05-04,Tennessee,biden,1.7e-4
2020-05-04,Tennessee,trump,0.99983
2020-05-04,Texas,biden,0.21571
2020-05-04,Texas,trump,0.78429
2020-05-04,Utah,biden,5.3e-4
2020-05-04,Utah,trump,0.99947
2020-05-04,Vermont,biden,0.99996
2020-05-04,Vermont,trump,4e-5
2020-05-04,Virginia,biden,0.93882
2020-05-04,Virginia,trump,0.06118
2020-05-04,Washington,biden,0.99907
2020-05-04,Washington,trump,0.00093000000000000005
2020-05-04,West Virginia,biden,0
2020-05-04,West Virginia,trump,1
2020-05-04,Wisconsin,biden,0.64607
2020-05-04,Wisconsin,trump,0.35393
2020-05-04,Wyoming,biden,0
2020-05-04,Wyoming,trump,1
2020-05-05,Alabama,biden,2e-5
2020-05-05,Alabama,trump,0.99998
2020-05-05,Alaska,biden,0.03399
2020-05-05,Alaska,trump,0.96601
2020-05-05,Arizona,biden,0.61761
2020-05-05,Arizona,trump,0.38239
2020-05-05,Arkansas,biden,0.0016
2020-05-05,Arkansas,trump,0.9984
2020-05-05,California,biden,1
2020-05-05,California,trump,0
2020-05-05,Colorado,biden,0.97147
2020-05-05,Colorado,trump,0.02853
2020-05-05,Connecticut,biden,0.98133
2020-05-05,Connecticut,trump,0.01867
2020-05-05,Delaware,biden,0.99525
2020-05-05,Delaware,trump,0.00475
2020-05-05,District of Columbia,biden,1
2020-05-05,District of Columbia,trump,0
2020-05-05,Florida,biden,0.6009
2020-05-05,Florida,trump,0.3991
2020-05-05,Georgia,biden,0.39602
2020-05-05,Georgia,trump,0.60398
2020-05-05,Hawaii,biden,1
2020-05-05,Hawaii,trump,0
2020-05-05,Idaho,biden,3e-5
2020-05-05,Idaho,trump,0.99997
2020-05-05,Illinois,biden,0.99447
2020-05-05,Illinois,trump,0.00553
2020-05-05,Indiana,biden,0.0038
2020-05-05,Indiana,trump,0.9962
2020-05-05,Iowa,biden,0.17105
2020-05-05,Iowa,trump,0.82895
2020-05-05,Kansas,biden,0.00245
2020-05-05,Kansas,trump,0.99755
2020-05-05,Kentucky,biden,4e-5
2020-05-05,Kentucky,trump,0.99996
2020-05-05,Louisiana,biden,0.02316
2020-05-05,Louisiana,trump,0.97684
2020-05-05,Maine,biden,0.89173
2020-05-05,Maine,trump,0.10827
2020-05-05,Maine's 1st congressional district,biden,0.98814
2020-05-05,Maine's 1st congressional district,trump,0.01186
2020-05-05,Maine's 2nd congressional district,biden,0.18164
2020-05-05,Maine's 2nd congressional district,trump,0.81836
2020-05-05,Maryland,biden,1
2020-05-05,Maryland,trump,0
2020-05-05,Massachusetts,biden,1
2020-05-05,Massachusetts,trump,0
2020-05-05,Michigan,biden,0.75451
2020-05-05,Michigan,trump,0.24549
2020-05-05,Minnesota,biden,0.85459
2020-05-05,Minnesota,trump,0.14541
2020-05-05,Mississippi,biden,0.01004
2020-05-05,Mississippi,trump,0.98996
2020-05-05,Missouri,biden,0.00754
2020-05-05,Missouri,trump,0.99246
2020-05-05,Montana,biden,0.00638
2020-05-05,Montana,trump,0.99362
2020-05-05,National,biden,0.77392
2020-05-05,National,trump,0.22608
2020-05-05,Nebraska,biden,0.00237
2020-05-05,Nebraska,trump,0.99763
2020-05-05,Nebraska's 1st congressional district,biden,0.01174
2020-05-05,Nebraska's 1st congressional district,trump,0.98826
2020-05-05,Nebraska's 2nd congressional district,biden,0.54694
2020-05-05,Nebraska's 2nd congressional district,trump,0.45306
2020-05-05,Nebraska's 3rd congressional district,biden,0
2020-05-05,Nebraska's 3rd congressional district,trump,1
2020-05-05,Nevada,biden,0.82532
2020-05-05,Nevada,trump,0.17468
2020-05-05,New Hampshire,biden,0.78915
2020-05-05,New Hampshire,trump,0.21085
2020-05-05,New Jersey,biden,0.99783
2020-05-05,New Jersey,trump,0.00217
2020-05-05,New Mexico,biden,0.97014
2020-05-05,New Mexico,trump,0.02986
2020-05-05,New York,biden,1
2020-05-05,New York,trump,0
2020-05-05,North Carolina,biden,0.5636
2020-05-05,North Carolina,trump,0.4364
2020-05-05,North Dakota,biden,0
2020-05-05,North Dakota,trump,1
2020-05-05,Ohio,biden,0.25944
2020-05-05,Ohio,trump,0.74056
2020-05-05,Oklahoma,biden,0
2020-05-05,Oklahoma,trump,1
2020-05-05,Oregon,biden,0.96897
2020-05-05,Oregon,trump,0.03103
2020-05-05,Pennsylvania,biden,0.71349
2020-05-05,Pennsylvania,trump,0.28651
2020-05-05,Rhode Island,biden,0.991
2020-05-05,Rhode Island,trump,0.009
2020-05-05,South Carolina,biden,0.04712
2020-05-05,South Carolina,trump,0.95288
2020-05-05,South Dakota,biden,3.9e-4
2020-05-05,South Dakota,trump,0.99961
2020-05-05,Tennessee,biden,1.9e-4
2020-05-05,Tennessee,trump,0.99981
2020-05-05,Texas,biden,0.21907
2020-05-05,Texas,trump,0.78093
2020-05-05,Utah,biden,5.6e-4
2020-05-05,Utah,trump,0.99944
2020-05-05,Vermont,biden,0.99996
2020-05-05,Vermont,trump,4e-5
2020-05-05,Virginia,biden,0.94021
2020-05-05,Virginia,trump,0.05979
2020-05-05,Washington,biden,0.99909
2020-05-05,Washington,trump,9.1e-4
2020-05-05,West Virginia,biden,0
2020-05-05,West Virginia,trump,1
2020-05-05,Wisconsin,biden,0.65081
2020-05-05,Wisconsin,trump,0.34919
2020-05-05,Wyoming,biden,0
2020-05-05,Wyoming,trump,1
